,Name,Level,AC,Low Save,Hi Save,Median Save,Fort,Ref,Will,HP,Atk,DC
0,Zombie Shambler,-1.0,12.0,+,6.0,2.0,6.0,+,2.0,20.0,7.0,
1,Zombie Hulk,6.0,21.0,+9,16.0,12.0,16.0,+9,12.0,160.0,17.0,
2,Zombie Brute,2.0,15.0,+3,10.0,6.0,10.0,+3,6.0,70.0,11.0,
3,Zephyr Hawk,3.0,21.0,+6,13.0,7.0,6.0,+13,7.0,36.0,11.0,
4,Zaramuun,16.0,39.0,+25,34.0,30.0,34.0,+30,25.0,291.0,33.0,38.0
5,Young White Dragon,6.0,23.0,+11,16.0,14.0,16.0,+14,11.0,115.0,17.0,24.0
6,Young Silver Dragon,10.0,31.0,+17,21.0,20.0,20.0,+17,21.0,200.0,23.0,29.0
7,Young Red Dragon,10.0,30.0,+18,21.0,19.0,21.0,+18,19.0,210.0,23.0,30.0
8,Young Green Dragon,8.0,28.0,+16,17.0,16.0,16.0,+16,17.0,135.0,20.0,25.0
9,Young Gold Dragon,11.0,32.0,+20,22.0,22.0,22.0,+20,22.0,230.0,24.0,31.0
10,Young Copper Dragon,8.0,27.0,+16,17.0,16.0,16.0,+17,16.0,150.0,20.0,27.0
11,Young Bronze Dragon,9.0,28.0,+17,19.0,19.0,19.0,+17,19.0,170.0,21.0,28.0
12,Young Brass Dragon,7.0,25.0,+14,16.0,15.0,16.0,+15,14.0,125.0,19.0,26.0
13,Young Blue Dragon,9.0,28.0,+18,19.0,19.0,19.0,+18,19.0,170.0,21.0,28.0
14,Young Black Dragon,7.0,25.0,+12,17.0,15.0,17.0,+12,15.0,125.0,19.0,25.0
15,Yeti,5.0,21.0,+11,15.0,13.0,15.0,+11,13.0,115.0,15.0,23.0
16,Xulgath Skulker,2.0,19.0,+5,10.0,8.0,8.0,+10,5.0,28.0,10.0,16.0
17,Xulgath Leader,3.0,20.0,+6,9.0,9.0,9.0,+6,9.0,44.0,11.0,19.0
18,Xulgath,1.0,16.0,+4,8.0,7.0,8.0,+7,4.0,21.0,9.0,16.0
19,Xorn,7.0,25.0,+11,18.0,13.0,18.0,+11,13.0,115.0,18.0,
20,Wyvern,6.0,24.0,+12,16.0,13.0,16.0,+12,13.0,95.0,17.0,22.0
21,Wraith,6.0,24.0,+8,14.0,14.0,8.0,+14,14.0,80.0,17.0,23.0
22,Wolf,1.0,15.0,+5,9.0,6.0,6.0,+9,5.0,24.0,9.0,
23,Winter Wolf,5.0,23.0,+10,15.0,13.0,13.0,+15,10.0,70.0,15.0,21.0
24,Will-O'-Wisp,6.0,27.0,+10,16.0,14.0,10.0,+16,14.0,50.0,17.0,
25,Wight,3.0,18.0,+6,11.0,10.0,11.0,+6,10.0,50.0,12.0,17.0
26,Werewolf,3.0,19.0,+7,11.0,9.0,11.0,+9,7.0,63.0,11.0,19.0
27,Wererat,2.0,19.0,+6,10.0,8.0,6.0,+10,8.0,45.0,10.0,18.0
28,Werebear,4.0,23.0,+10,12.0,10.0,12.0,+10,10.0,75.0,13.0,22.0
29,Wendigo,17.0,40.0,+26,32.0,30.0,32.0,+30,26.0,315.0,33.0,38.0
30,Wemmuth,15.0,37.0,+24,27.0,27.0,27.0,+27,24.0,335.0,29.0,37.0
31,Web Lurker,3.0,19.0,+8,11.0,10.0,10.0,+11,8.0,45.0,11.0,19.0
32,Water Mephit,1.0,16.0,+4,11.0,7.0,7.0,+11,4.0,20.0,8.0,17.0
33,Wasp Swarm,4.0,18.0,+8,12.0,10.0,10.0,+12,8.0,45.0,,21.0
34,Warsworn,16.0,37.0,+25,29.0,27.0,29.0,+25,27.0,350.0,32.0,37.0
35,Warg,2.0,17.0,+6,11.0,9.0,11.0,+9,6.0,36.0,11.0,
36,War Pony,1.0,16.0,+5,8.0,7.0,8.0,+7,5.0,20.0,7.0,
37,War Horse,2.0,17.0,+6,8.0,7.0,8.0,+7,6.0,36.0,9.0,
38,Vrock (Wrath Demon),9.0,28.0,+15,20.0,18.0,20.0,+18,15.0,185.0,21.0,28.0
39,Voidworm,1.0,17.0,+5,9.0,6.0,5.0,+9,6.0,16.0,9.0,16.0
40,Viper,-1.0,15.0,+2,7.0,5.0,2.0,+7,5.0,8.0,8.0,16.0
41,Velociraptor,1.0,16.0,,,,5.0,+7,4.0,20.0,8.0,
42,Veiled Master,14.0,34.0,+22,26.0,24.0,26.0,+22,24.0,270.0,30.0,37.0
43,Vampire Spawn Rogue,4.0,22.0,+9,13.0,11.0,9.0,+13,11.0,40.0,14.0,
44,Vampire Mastermind,9.0,27.0,+15,20.0,18.0,15.0,+18,20.0,115.0,18.0,29.0
45,Vampire Count,6.0,24.0,+11,17.0,14.0,11.0,+14,17.0,65.0,17.0,22.0
46,Vampire Bat Swarm,1.0,15.0,+6,9.0,6.0,6.0,+9,6.0,11.0,,16.0
47,Uthul,14.0,36.0,+22,29.0,28.0,28.0,+29,22.0,250.0,29.0,34.0
48,Unicorn,3.0,20.0,+8,11.0,10.0,10.0,+8,11.0,45.0,12.0,21.0
49,Ulat-Kini (Skum),2.0,16.0,+4,7.0,7.0,7.0,+7,4.0,40.0,10.0,
50,Tyrannosaurus,10.0,29.0,,,,21.0,+15,19.0,180.0,22.0,29.0
51,Troll King,10.0,28.0,+15,23.0,17.0,23.0,+17,15.0,220.0,23.0,29.0
52,Troll,5.0,20.0,+7,17.0,11.0,17.0,+11,7.0,115.0,14.0,
53,Triceratops,8.0,26.0,,,,18.0,+12,14.0,140.0,19.0,26.0
54,Treerazer,25.0,54.0,+40,43.0,42.0,42.0,+40,43.0,550.0,47.0,49.0
55,Tor Linnorm,21.0,47.0,+33,38.0,35.0,38.0,+35,33.0,440.0,40.0,46.0
56,Tiger,4.0,21.0,+8,13.0,11.0,13.0,+11,8.0,60.0,13.0,
57,Tiefling,3.0,17.0,+5,8.0,7.0,5.0,+7,8.0,29.0,7.0,21.0
58,Tidal Master,9.0,28.0,+15,21.0,18.0,18.0,+21,15.0,155.0,21.0,
59,Terotricus,19.0,42.0,+28,34.0,33.0,34.0,+28,33.0,370.0,37.0,40.0
60,Tengu Sneak,2.0,19.0,+4,10.0,7.0,7.0,+10,4.0,27.0,10.0,17.0
61,Tarn Linnorm,20.0,46.0,+31,36.0,32.0,36.0,+32,31.0,400.0,38.0,44.0
62,Succubus (Lust Demon),7.0,23.0,+14,17.0,15.0,15.0,+14,17.0,100.0,16.0,26.0
63,Storm Lord,9.0,30.0,+15,20.0,16.0,15.0,+20,16.0,120.0,20.0,
64,Storm Giant,13.0,34.0,+21,28.0,23.0,28.0,+21,23.0,235.0,27.0,33.0
65,Stone Mauler,9.0,27.0,+15,23.0,19.0,23.0,+15,19.0,180.0,21.0,
66,Stone Golem,11.0,30.0,+14,19.0,18.0,14.0,+18,19.0,175.0,24.0,30.0
67,Stone Giant,8.0,27.0,+14,18.0,14.0,18.0,+14,14.0,150.0,21.0,
68,Stegosaurus,7.0,23.0,,,,17.0,+13,13.0,125.0,18.0,25.0
69,Sprite,-1.0,15.0,+2,8.0,4.0,2.0,+8,4.0,11.0,8.0,16.0
70,Spider Swarm,0.0,15.0,+2,7.0,4.0,4.0,+7,2.0,12.0,,14.0
71,Sphinx,8.0,27.0,+14,19.0,16.0,16.0,+14,19.0,135.0,20.0,27.0
72,Soulbound Doll,2.0,20.0,+6,10.0,7.0,7.0,+10,6.0,23.0,10.0,18.0
73,Sod Hound,3.0,19.0,+6,12.0,7.0,12.0,+6,7.0,44.0,11.0,
74,Snapping Flytrap,3.0,18.0,+7,12.0,8.0,12.0,+8,7.0,50.0,11.0,
75,Smilodon,6.0,23.0,+10,15.0,12.0,15.0,+12,10.0,110.0,16.0,
76,Slurk,2.0,17.0,+4,10.0,6.0,10.0,+6,4.0,35.0,11.0,18.0
77,Skulltaker,18.0,42.0,+31,35.0,33.0,31.0,+33,35.0,300.0,35.0,40.0
78,Skeleton Guard,-1.0,16.0,+2,8.0,2.0,2.0,+8,2.0,4.0,6.0,
79,Skeletal Hulk,7.0,25.0,+13,15.0,15.0,15.0,+15,13.0,105.0,18.0,
80,Skeletal Horse,2.0,16.0,+6,9.0,8.0,6.0,+9,8.0,33.0,9.0,
81,Skeletal Giant,3.0,17.0,+7,10.0,8.0,10.0,+8,7.0,50.0,12.0,
82,Skeletal Champion,2.0,19.0,+6,10.0,7.0,7.0,+10,6.0,25.0,10.0,
83,Sinspawn,2.0,18.0,+6,10.0,9.0,10.0,+9,6.0,30.0,10.0,18.0
84,Simurgh,18.0,41.0,+29,32.0,30.0,30.0,+29,32.0,350.0,34.0,42.0
85,Shuln,12.0,33.0,+19,25.0,21.0,25.0,+19,21.0,195.0,25.0,32.0
86,Shoggoth,18.0,39.0,+30,33.0,30.0,33.0,+30,30.0,275.0,35.0,40.0
87,Shining Child,12.0,33.0,+19,22.0,19.0,22.0,+19,19.0,215.0,25.0,33.0
88,Shield Archon,10.0,31.0,+15,23.0,19.0,23.0,+15,19.0,125.0,22.0,27.0
89,Shemhazian (Mutilation Demon),16.0,39.0,+26,32.0,27.0,32.0,+26,27.0,350.0,33.0,37.0
90,Shambler,6.0,22.0,+11,17.0,14.0,17.0,+11,14.0,120.0,17.0,
91,Shaitan,7.0,25.0,+12,18.0,15.0,18.0,+12,15.0,110.0,20.0,24.0
92,Shadow,4.0,20.0,+8,14.0,12.0,8.0,+14,12.0,40.0,15.0,
93,Sewer Ooze,1.0,8.0,+1,9.0,3.0,9.0,+1,3.0,40.0,9.0,17.0
94,Sea Serpent,12.0,35.0,+21,25.0,21.0,25.0,+21,21.0,210.0,27.0,34.0
95,Sea Hag,3.0,19.0,+8,11.0,10.0,11.0,+8,10.0,45.0,12.0,20.0
96,Sea Devil Scout,2.0,18.0,+7,10.0,7.0,7.0,+10,7.0,30.0,12.0,
97,Sea Devil Brute,4.0,21.0,+9,13.0,11.0,13.0,+11,9.0,60.0,14.0,
98,Sea Devil Baron,6.0,24.0,+13,16.0,14.0,16.0,+14,13.0,95.0,17.0,
99,Scorpion Swarm,4.0,21.0,+8,13.0,10.0,10.0,+13,8.0,55.0,,21.0
100,Satyr,4.0,19.0,+9,12.0,11.0,9.0,+11,12.0,80.0,14.0,21.0
101,Salamander,7.0,26.0,+13,16.0,15.0,15.0,+16,13.0,125.0,18.0,25.0
102,Rust Monster,3.0,19.0,+6,10.0,8.0,8.0,+10,6.0,40.0,10.0,
103,Rune Giant,16.0,38.0,+26,33.0,28.0,33.0,+26,28.0,330.0,33.0,37.0
104,Roper,10.0,29.0,+15,21.0,20.0,20.0,+15,21.0,215.0,23.0,
105,Roc,9.0,27.0,+16,20.0,17.0,20.0,+17,16.0,180.0,21.0,
106,River Drake,3.0,19.0,+7,11.0,9.0,11.0,+9,7.0,45.0,12.0,19.0
107,Riding Pony,0.0,14.0,+4,7.0,4.0,7.0,+4,4.0,16.0,5.0,
108,Riding Horse,1.0,16.0,+5,9.0,6.0,9.0,+6,5.0,22.0,7.0,
109,Riding Dog,1.0,16.0,+5,7.0,5.0,7.0,+5,5.0,20.0,7.0,17.0
110,Remorhaz,7.0,25.0,+10,18.0,15.0,18.0,+15,10.0,120.0,18.0,26.0
111,Reefclaw,1.0,20.0,+4,9.0,7.0,7.0,+9,4.0,17.0,9.0,17.0
112,Redcap,5.0,21.0,+10,15.0,11.0,11.0,+15,10.0,60.0,15.0,19.0
113,Ratfolk Grenadier,4.0,21.0,+9,13.0,11.0,11.0,+13,9.0,60.0,13.0,
114,Rat Swarm,1.0,14.0,+2,7.0,4.0,2.0,+7,4.0,14.0,,17.0
115,Raja Rakshasa,10.0,30.0,+18,21.0,19.0,19.0,+21,18.0,155.0,23.0,31.0
116,Quetzalcoatlus,7.0,25.0,+12,17.0,16.0,16.0,+17,12.0,110.0,17.0,
117,Quelaunt,15.0,36.0,+26,31.0,27.0,27.0,+26,31.0,305.0,30.0,39.0
118,Quatoid,7.0,25.0,+13,18.0,15.0,13.0,+15,18.0,120.0,16.0,27.0
119,Quasit,1.0,17.0,+4,10.0,7.0,4.0,+10,7.0,25.0,9.0,17.0
120,Purple Worm,13.0,32.0,+21,28.0,21.0,28.0,+21,21.0,270.0,28.0,32.0
121,Pugwampi,0.0,16.0,+5,8.0,6.0,5.0,+8,6.0,17.0,8.0,16.0
122,Pteranodon,2.0,18.0,+6,10.0,7.0,7.0,+10,6.0,35.0,10.0,
123,Pracha,4.0,23.0,+9,13.0,10.0,9.0,+13,10.0,50.0,13.0,
124,Poltergeist,5.0,22.0,+9,14.0,13.0,9.0,+14,13.0,55.0,13.0,23.0
125,Plague Zombie,1.0,13.0,+3,6.0,4.0,6.0,+3,4.0,50.0,9.0,18.0
126,Pixie,4.0,23.0,+8,14.0,12.0,8.0,+14,12.0,40.0,13.0,21.0
127,Pit Fiend (Tyrant Devil),20.0,46.0,+32,37.0,35.0,37.0,+32,35.0,335.0,40.0,43.0
128,Pieroma,20.0,45.0,+31,37.0,32.0,32.0,+31,37.0,335.0,37.0,47.0
129,Phoenix,15.0,36.0,+27,31.0,28.0,27.0,+31,28.0,300.0,30.0,39.0
130,Phistophulus (Contract Devil),10.0,30.0,+18,23.0,18.0,18.0,+18,23.0,150.0,21.0,31.0
131,Pegasus,3.0,19.0,+7,11.0,9.0,9.0,+11,7.0,55.0,10.0,19.0
132,Owlbear,4.0,21.0,+7,13.0,11.0,13.0,+7,11.0,70.0,14.0,22.0
133,Otyugh,4.0,20.0,+8,12.0,10.0,12.0,+8,10.0,70.0,14.0,20.0
134,Orc Warrior,1.0,18.0,+4,8.0,7.0,8.0,+7,4.0,23.0,7.0,
135,Orc Warchief,2.0,19.0,+6,7.0,7.0,7.0,+6,7.0,32.0,10.0,
136,Orc Brute,0.0,15.0,+2,6.0,4.0,6.0,+4,2.0,15.0,7.0,
137,Ogre Warrior,3.0,17.0,+5,11.0,6.0,11.0,+6,5.0,50.0,12.0,
138,Ogre Glutton,4.0,18.0,+6,14.0,7.0,14.0,+7,6.0,70.0,14.0,
139,Ogre Boss,7.0,25.0,+12,17.0,15.0,17.0,+12,15.0,130.0,19.0,
140,Ofalth,10.0,31.0,+17,22.0,18.0,22.0,+17,18.0,170.0,23.0,26.0
141,Ochre Jelly,5.0,12.0,+4,15.0,7.0,15.0,+4,7.0,150.0,15.0,23.0
142,Nosoi,1.0,16.0,+4,8.0,6.0,4.0,+8,6.0,18.0,6.0,18.0
143,Nilith,10.0,32.0,+17,20.0,20.0,17.0,+20,20.0,150.0,23.0,31.0
144,Nightmare,6.0,24.0,+12,15.0,15.0,15.0,+15,12.0,100.0,16.0,24.0
145,Night Hag,9.0,28.0,+17,19.0,18.0,19.0,+17,18.0,170.0,20.0,28.0
146,Nessian Warhound,9.0,28.0,+16,21.0,19.0,21.0,+19,16.0,150.0,21.0,28.0
147,Naunet,7.0,24.0,+12,18.0,14.0,18.0,+14,12.0,120.0,18.0,26.0
148,Naiad Queen,7.0,26.0,+15,18.0,17.0,15.0,+18,17.0,100.0,17.0,28.0
149,Naiad,1.0,16.0,+3,8.0,6.0,3.0,+6,8.0,20.0,8.0,17.0
150,Mummy Pharaoh,9.0,27.0,+15,20.0,19.0,19.0,+15,20.0,165.0,21.0,28.0
151,Mummy Guardian,6.0,23.0,+10,16.0,14.0,14.0,+10,16.0,110.0,16.0,22.0
152,Mukradi,15.0,37.0,+23,32.0,26.0,32.0,+23,26.0,300.0,32.0,36.0
153,Mu Spore,21.0,45.0,+32,38.0,38.0,38.0,+32,38.0,350.0,40.0,46.0
154,Morrigna,15.0,38.0,+25,29.0,27.0,25.0,+27,29.0,240.0,31.0,37.0
155,Mitflit,-1.0,15.0,+2,7.0,4.0,2.0,+7,4.0,10.0,8.0,
156,Minotaur,4.0,20.0,+8,13.0,10.0,13.0,+8,10.0,70.0,14.0,
157,Mimic,4.0,20.0,+9,11.0,9.0,11.0,+9,9.0,75.0,14.0,23.0
158,Merfolk Wavecaller,2.0,17.0,+6,10.0,7.0,7.0,+6,10.0,30.0,9.0,18.0
159,Merfolk Warrior,1.0,18.0,+4,9.0,6.0,6.0,+9,4.0,19.0,9.0,
160,Megaprimatus,8.0,26.0,+13,19.0,16.0,19.0,+16,13.0,150.0,21.0,27.0
161,Megalodon,9.0,27.0,+16,21.0,17.0,21.0,+16,17.0,180.0,22.0,
162,Medusa,7.0,25.0,+14,16.0,15.0,15.0,+16,14.0,105.0,19.0,25.0
163,Marilith (Pride Demon),17.0,40.0,+27,31.0,29.0,31.0,+29,27.0,380.0,35.0,38.0
164,Marid,9.0,28.0,+17,21.0,18.0,18.0,+21,17.0,145.0,21.0,28.0
165,Manticore,6.0,23.0,+12,16.0,12.0,16.0,+12,12.0,90.0,17.0,23.0
166,Mammoth,10.0,29.0,+15,21.0,18.0,21.0,+15,18.0,190.0,22.0,28.0
167,Lyrakien (Wanderer Azata),1.0,17.0,+4,7.0,6.0,4.0,+7,6.0,25.0,9.0,17.0
168,Lizardfolk Stargazer,2.0,17.0,+6,10.0,7.0,7.0,+6,10.0,30.0,8.0,20.0
169,Lizardfolk Scout,1.0,17.0,+6,8.0,6.0,6.0,+8,6.0,17.0,8.0,17.0
170,Lizardfolk Defender,1.0,16.0,+5,8.0,7.0,8.0,+7,5.0,21.0,8.0,
171,Living Wildfire,5.0,22.0,+10,15.0,11.0,11.0,+15,10.0,80.0,15.0,19.0
172,Living Whirlwind,5.0,24.0,+9,16.0,10.0,9.0,+16,10.0,50.0,14.0,
173,Living Waterfall,5.0,20.0,+10,14.0,12.0,14.0,+12,10.0,90.0,15.0,
174,Living Landslide,5.0,21.0,+8,15.0,10.0,15.0,+8,10.0,90.0,16.0,
175,Lion,3.0,19.0,+7,10.0,9.0,9.0,+10,7.0,45.0,11.0,
176,Lillend (Muse Azata),7.0,25.0,+14,16.0,16.0,14.0,+16,16.0,145.0,18.0,26.0
177,Lich,12.0,31.0,+17,23.0,21.0,17.0,+21,23.0,190.0,24.0,36.0
178,Leukodaemon (Pestilence Daemon),9.0,28.0,+15,21.0,19.0,15.0,+21,19.0,155.0,21.0,28.0
179,Lesser Death,16.0,39.0,+30,33.0,32.0,30.0,+33,32.0,255.0,32.0,38.0
180,Leopard,2.0,18.0,+5,10.0,8.0,8.0,+10,5.0,30.0,10.0,
181,Lemure,0.0,13.0,+3,10.0,5.0,10.0,+5,3.0,20.0,7.0,
182,Legion Archon,7.0,27.0,+11,17.0,15.0,17.0,+11,15.0,100.0,18.0,24.0
183,Leaf Leshy,0.0,18.0,+4,6.0,6.0,6.0,+6,4.0,15.0,6.0,16.0
184,Lantern Archon,1.0,16.0,+4,10.0,6.0,6.0,+10,4.0,20.0,8.0,17.0
185,Lamia Matriarch,8.0,27.0,+13,18.0,17.0,13.0,+18,17.0,135.0,19.0,28.0
186,Lamia,6.0,24.0,+12,15.0,15.0,12.0,+15,15.0,95.0,17.0,25.0
187,Krooth,8.0,26.0,+14,20.0,17.0,20.0,+17,14.0,150.0,20.0,26.0
188,Kraken,18.0,42.0,+28,35.0,32.0,35.0,+28,32.0,360.0,37.0,40.0
189,Kolyarut,12.0,34.0,+22,24.0,23.0,23.0,+24,22.0,215.0,26.0,32.0
190,Kobold Warrior,-1.0,16.0,+3,7.0,4.0,4.0,+7,3.0,8.0,5.0,
191,Kobold Scount,1.0,18.0,+5,9.0,6.0,5.0,+9,6.0,16.0,9.0,
192,Kobold Dragon Mage,2.0,17.0,+4,7.0,7.0,4.0,+7,7.0,25.0,7.0,20.0
193,Keketar,17.0,40.0,+28,34.0,30.0,30.0,+28,34.0,290.0,33.0,42.0
194,Jungle Drake,6.0,23.0,+11,17.0,13.0,17.0,+13,11.0,90.0,17.0,24.0
195,Jinkin,1.0,17.0,+6,10.0,7.0,6.0,+10,7.0,19.0,9.0,17.0
196,Janni,4.0,20.0,+10,12.0,11.0,12.0,+10,11.0,60.0,14.0,21.0
197,Iron Golem,13.0,34.0,+21,26.0,22.0,26.0,+21,22.0,190.0,28.0,37.0
198,Invisible Stalker,7.0,26.0,+11,18.0,14.0,14.0,+18,11.0,70.0,18.0,
199,Imp,1.0,17.0,+5,9.0,7.0,5.0,+9,7.0,15.0,9.0,17.0
200,Ice Linnorm,17.0,41.0,+27,32.0,28.0,32.0,+28,27.0,330.0,34.0,38.0
201,Hyena,1.0,16.0,+4,8.0,7.0,7.0,+8,4.0,20.0,8.0,
202,Hydra,6.0,23.0,+10,15.0,12.0,15.0,+12,10.0,90.0,16.0,
203,Hyaenodon,3.0,19.0,+7,10.0,8.0,10.0,+8,7.0,45.0,12.0,20.0
204,Hunting Spider,1.0,17.0,+5,9.0,6.0,6.0,+9,5.0,16.0,9.0,16.0
205,Horned Archon,4.0,22.0,+10,11.0,11.0,11.0,+10,11.0,65.0,14.0,21.0
206,Homunculus,0.0,17.0,+2,7.0,3.0,2.0,+7,3.0,17.0,7.0,15.0
207,Hobgoblin Soldier,1.0,18.0,+5,6.0,5.0,5.0,+6,5.0,20.0,8.0,
208,Hobgoblin General,6.0,25.0,+12,15.0,13.0,12.0,+15,13.0,90.0,17.0,
209,Hobgoblin Archer,4.0,23.0,+8,12.0,10.0,10.0,+12,8.0,50.0,14.0,
210,Hive Mother,8.0,29.0,+14,18.0,15.0,18.0,+15,14.0,120.0,20.0,26.0
211,Hill Giant,7.0,24.0,+12,17.0,13.0,17.0,+12,13.0,140.0,19.0,
212,Hell Hound,3.0,19.0,+7,10.0,9.0,9.0,+10,7.0,40.0,13.0,19.0
213,Harpy,5.0,22.0,+9,15.0,12.0,9.0,+15,12.0,68.0,15.0,21.0
214,Guthallath,19.0,43.0,+30,38.0,32.0,38.0,+32,30.0,325.0,38.0,41.0
215,Gug,10.0,30.0,+17,22.0,19.0,22.0,+17,19.0,175.0,23.0,
216,Guardian Naga,10.0,31.0,+20,22.0,21.0,20.0,+21,22.0,175.0,22.0,29.0
217,Guard Dog,-1.0,15.0,+4,7.0,5.0,5.0,+7,4.0,8.0,6.0,
218,Grothlut,3.0,19.0,+5,11.0,7.0,11.0,+5,7.0,50.0,11.0,
219,Grizzly Bear,3.0,19.0,+6,12.0,8.0,12.0,+6,8.0,45.0,11.0,
220,Grim Reaper,21.0,47.0,+37,41.0,38.0,37.0,+41,38.0,320.0,40.0,47.0
221,Grikkitog,14.0,36.0,+23,28.0,24.0,28.0,+23,24.0,200.0,29.0,
222,Grig,1.0,17.0,+6,9.0,9.0,6.0,+9,9.0,20.0,9.0,18.0
223,Griffon,4.0,21.0,+7,13.0,13.0,13.0,+13,7.0,60.0,14.0,
224,Green Hag,4.0,21.0,+11,12.0,11.0,11.0,+11,12.0,70.0,14.0,20.0
225,Greater Shadow,7.0,24.0,+11,18.0,15.0,11.0,+18,15.0,75.0,18.0,25.0
226,Greater Nightmare,11.0,31.0,+21,25.0,24.0,25.0,+24,21.0,200.0,24.0,30.0
227,Greater Barghest,7.0,25.0,+12,17.0,15.0,17.0,+15,12.0,105.0,17.0,25.0
228,Great White Shark,4.0,21.0,+9,12.0,10.0,12.0,+10,9.0,60.0,14.0,
229,Great Cyclops,12.0,32.0,+19,25.0,22.0,25.0,+19,22.0,235.0,25.0,
230,Graveknight,10.0,31.0,+18,21.0,19.0,21.0,+19,18.0,175.0,24.0,29.0
231,Gourd Leshy,1.0,17.0,+5,9.0,7.0,5.0,+9,7.0,20.0,9.0,17.0
232,Gorilla,3.0,19.0,+6,12.0,9.0,12.0,+9,6.0,45.0,11.0,20.0
233,Goliath Spider,11.0,30.0,+17,25.0,21.0,25.0,+21,17.0,220.0,24.0,30.0
234,Gogiteth,12.0,31.0,+20,25.0,22.0,25.0,+22,20.0,250.0,26.0,32.0
235,Goblin Warrior,-1.0,16.0,+3,7.0,5.0,5.0,+7,3.0,6.0,8.0,
236,Goblin War Chanter,1.0,17.0,+5,8.0,7.0,7.0,+8,5.0,16.0,8.0,17.0
237,Goblin Pyro,1.0,17.0,+4,9.0,5.0,5.0,+9,4.0,15.0,7.0,16.0
238,Goblin Dog,1.0,17.0,+5,8.0,8.0,8.0,+8,5.0,17.0,9.0,17.0
239,Goblin Commando,1.0,17.0,+5,8.0,7.0,7.0,+8,5.0,18.0,8.0,
240,Gnoll Sergeant,4.0,21.0,+8,12.0,10.0,12.0,+10,8.0,60.0,14.0,
241,Gnoll Hunter,2.0,18.0,+7,8.0,7.0,8.0,+7,7.0,29.0,10.0,
242,Gnoll Cultist,3.0,19.0,+6,10.0,8.0,8.0,+6,10.0,45.0,10.0,22.0
243,Glabrezu (Treachery Demon),13.0,34.0,+19,26.0,24.0,26.0,+19,24.0,280.0,27.0,34.0
244,Gimmerling,12.0,34.0,+19,25.0,22.0,22.0,+25,19.0,235.0,26.0,32.0
245,Gibbering Mouther,5.0,21.0,+10,15.0,12.0,15.0,+12,10.0,120.0,14.0,22.0
246,Giant Wasp,3.0,19.0,+6,11.0,9.0,9.0,+11,6.0,45.0,12.0,21.0
247,Giant Viper,2.0,19.0,+6,11.0,8.0,8.0,+11,6.0,26.0,11.0,17.0
248,Giant Tarantula,6.0,21.0,+10,15.0,13.0,15.0,+13,10.0,135.0,17.0,23.0
249,Giant Stag Beetle,4.0,22.0,+8,13.0,9.0,13.0,+9,8.0,55.0,13.0,
250,Giant Scorpion,3.0,19.0,+7,12.0,9.0,12.0,+9,7.0,45.0,11.0,20.0
251,Giant Rat,-1.0,15.0,+3,7.0,6.0,6.0,+7,3.0,8.0,7.0,14.0
252,Giant Octopus,8.0,27.0,+15,17.0,16.0,16.0,+17,15.0,135.0,20.0,26.0
253,Giant Moray Eel,5.0,21.0,+9,14.0,13.0,14.0,+13,9.0,65.0,15.0,
254,Giant Monitor Lizard,2.0,18.0,+5,9.0,8.0,9.0,+8,5.0,30.0,11.0,17.0
255,Giant Mantis,3.0,20.0,+7,12.0,10.0,10.0,+12,7.0,40.0,12.0,
256,Giant Gecko,1.0,16.0,+5,10.0,6.0,6.0,+10,5.0,20.0,8.0,
257,Giant Frilled Lizard,5.0,22.0,+9,13.0,12.0,13.0,+12,9.0,75.0,16.0,21.0
258,Giant Flytrap,10.0,29.0,+15,21.0,17.0,21.0,+17,15.0,185.0,23.0,
259,Giant Eagle,3.0,19.0,+6,11.0,9.0,6.0,+11,9.0,45.0,12.0,
260,Giant Centipede,-1.0,15.0,+2,7.0,6.0,7.0,+6,2.0,8.0,6.0,14.0
261,Giant Bat,2.0,18.0,+7,9.0,8.0,9.0,+8,7.0,30.0,10.0,
262,Giant Animated Statue,7.0,26.0,+9,19.0,17.0,17.0,+19,9.0,100.0,19.0,
263,Giant Anaconda,8.0,25.0,+15,20.0,17.0,20.0,+17,15.0,175.0,21.0,26.0
264,Ghoul,1.0,16.0,+4,9.0,5.0,4.0,+9,5.0,20.0,9.0,15.0
265,Ghost Mage,10.0,27.0,+16,22.0,19.0,16.0,+19,22.0,135.0,21.0,29.0
266,Ghost Commoner,4.0,20.0,+8,11.0,8.0,8.0,+11,8.0,30.0,13.0,21.0
267,Ghast,2.0,18.0,+6,10.0,8.0,6.0,+10,8.0,30.0,11.0,16.0
268,Ghaele (Crusader Azata),13.0,34.0,+20,26.0,23.0,26.0,+20,23.0,235.0,28.0,33.0
269,Gelugon (Ice Devil),13.0,34.0,+24,26.0,24.0,24.0,+24,26.0,215.0,28.0,33.0
270,Gelatinous Cube,3.0,10.0,+,12.0,5.0,12.0,+,5.0,90.0,11.0,20.0
271,Gargoyle,4.0,21.0,+10,13.0,10.0,13.0,+10,10.0,40.0,13.0,
272,Gancanagh (Passion Azata),4.0,21.0,+9,13.0,11.0,9.0,+13,11.0,75.0,13.0,23.0
273,Fungus Leshy,2.0,19.0,+6,10.0,8.0,8.0,+10,6.0,30.0,10.0,16.0
274,Frost Giant,9.0,29.0,+16,23.0,16.0,23.0,+16,16.0,150.0,21.0,28.0
275,Frost Drake,7.0,25.0,+14,17.0,15.0,17.0,+15,14.0,115.0,17.0,25.0
276,Flesh Golem,8.0,26.0,+14,18.0,15.0,18.0,+14,15.0,140.0,20.0,
277,Flash Beetle,-1.0,16.0,+4,8.0,5.0,5.0,+8,4.0,6.0,8.0,17.0
278,Flame Drake,5.0,22.0,+10,12.0,10.0,12.0,+10,10.0,75.0,14.0,22.0
279,Firewyrm,9.0,28.0,+15,20.0,18.0,18.0,+20,15.0,165.0,20.0,28.0
280,Fire Mephit,1.0,17.0,+3,9.0,7.0,3.0,+9,7.0,16.0,9.0,15.0
281,Fire Giant,10.0,31.0,+16,23.0,18.0,23.0,+16,18.0,175.0,24.0,
282,Faerie Dragon,2.0,18.0,+5,12.0,11.0,5.0,+12,11.0,30.0,10.0,18.0
283,Faceless Stalker (Ugothol),4.0,21.0,+9,12.0,9.0,9.0,+9,12.0,60.0,14.0,19.0
284,Ettin,6.0,21.0,+11,16.0,12.0,16.0,+11,12.0,110.0,16.0,
285,Ether Spider,5.0,21.0,+10,15.0,12.0,12.0,+15,10.0,75.0,15.0,22.0
286,Erinys (Fury Devil),8.0,27.0,+16,19.0,17.0,17.0,+19,16.0,120.0,20.0,26.0
287,Elephant,7.0,23.0,+11,18.0,13.0,18.0,+11,13.0,130.0,16.0,24.0
288,Elemental Tsunami,11.0,31.0,+19,22.0,21.0,21.0,+22,19.0,195.0,24.0,31.0
289,Elemental Inferno,11.0,31.0,+19,23.0,21.0,21.0,+23,19.0,210.0,24.0,30.0
290,Elemental Hurricane,11.0,32.0,+18,24.0,19.0,19.0,+24,18.0,140.0,24.0,29.0
291,Elemental Avalanche,11.0,32.0,+17,26.0,21.0,26.0,+17,21.0,215.0,24.0,30.0
292,Electric Eel,1.0,16.0,+4,7.0,7.0,7.0,+7,4.0,18.0,6.0,17.0
293,Elananx,6.0,24.0,+12,16.0,12.0,12.0,+16,12.0,95.0,16.0,
294,Efreeti,9.0,28.0,+17,20.0,18.0,18.0,+17,20.0,175.0,21.0,29.0
295,Earth Mephit,1.0,15.0,+3,8.0,4.0,8.0,+4,3.0,20.0,8.0,17.0
296,Eagle,-1.0,16.0,+2,6.0,4.0,4.0,+6,2.0,6.0,6.0,
297,Duskwalker Ghost Hunter,4.0,21.0,+9,12.0,10.0,9.0,+12,10.0,56.0,14.0,
298,Dullahan,7.0,28.0,+13,17.0,15.0,13.0,+15,17.0,95.0,18.0,23.0
299,Duergar Taskmaster,2.0,18.0,+4,8.0,8.0,8.0,+4,8.0,30.0,8.0,18.0
300,Duergar Sharpshooter,0.0,17.0,+4,7.0,7.0,7.0,+7,4.0,16.0,7.0,16.0
301,Duergar Bombardier,1.0,18.0,+4,8.0,7.0,7.0,+8,4.0,20.0,8.0,17.0
302,Dryad Queen,13.0,35.0,+24,26.0,24.0,24.0,+26,24.0,220.0,27.0,35.0
303,Dryad,3.0,19.0,+6,11.0,10.0,6.0,+11,10.0,55.0,12.0,21.0
304,Drow Rogue,2.0,19.0,+6,10.0,6.0,6.0,+10,6.0,26.0,10.0,16.0
305,Drow Priestess,3.0,20.0,+7,11.0,8.0,8.0,+7,11.0,39.0,9.0,21.0
306,Drow Fighter,1.0,18.0,+4,9.0,7.0,7.0,+9,4.0,18.0,9.0,14.0
307,Drider,6.0,24.0,+13,15.0,13.0,13.0,+13,15.0,95.0,16.0,23.0
308,Drakauthix,9.0,25.0,+13,21.0,15.0,21.0,+13,15.0,190.0,20.0,27.0
309,Dragon Turtle,9.0,29.0,+15,19.0,16.0,19.0,+15,16.0,140.0,21.0,27.0
310,Doppelganger,3.0,18.0,+5,11.0,10.0,5.0,+10,11.0,50.0,10.0,21.0
311,Djinni,5.0,22.0,+9,14.0,11.0,9.0,+14,11.0,71.0,16.0,23.0
312,Dire Wolf,3.0,18.0,+8,11.0,8.0,11.0,+8,8.0,50.0,12.0,20.0
313,Dhampir Wizard,2.0,17.0,+4,7.0,6.0,4.0,+7,6.0,22.0,7.0,18.0
314,Dezullon,10.0,30.0,+16,21.0,17.0,17.0,+21,16.0,130.0,23.0,29.0
315,Desert Drake,8.0,27.0,+13,17.0,15.0,17.0,+15,13.0,135.0,20.0,27.0
316,Dero Strangler,3.0,19.0,+6,10.0,8.0,10.0,+8,6.0,45.0,11.0,19.0
317,Dero Stalker,2.0,19.0,+3,10.0,7.0,7.0,+10,3.0,30.0,10.0,17.0
318,Dero Magister,5.0,22.0,+10,13.0,10.0,10.0,+13,10.0,65.0,13.0,24.0
319,Demilich,15.0,38.0,+23,27.0,23.0,23.0,+27,23.0,220.0,27.0,40.0
320,Deinosuchus,9.0,26.0,+15,20.0,16.0,20.0,+16,15.0,175.0,22.0,
321,Deinonychus,2.0,19.0,,,,10.0,+9,5.0,30.0,9.0,
322,Deep Gnome Warrior,2.0,18.0,+5,9.0,8.0,9.0,+8,5.0,34.0,10.0,15.0
323,Deep Gnome Scout,1.0,17.0,+5,9.0,7.0,7.0,+9,5.0,18.0,9.0,14.0
324,Deep Gnome Rockwarden,5.0,22.0,+9,14.0,12.0,12.0,+9,14.0,63.0,11.0,24.0
325,Deadly Mantis,11.0,31.0,+18,24.0,20.0,24.0,+20,18.0,220.0,25.0,31.0
326,Dark Naga,7.0,27.0,+15,17.0,15.0,15.0,+17,15.0,115.0,19.0,26.0
327,Dandasuka,5.0,23.0,+10,13.0,12.0,12.0,+13,10.0,60.0,15.0,22.0
328,Daeodon,4.0,21.0,+9,13.0,10.0,13.0,+9,10.0,60.0,14.0,19.0
329,Cyclops,5.0,21.0,+8,13.0,12.0,13.0,+8,12.0,80.0,14.0,
330,Crocodile,2.0,18.0,+5,9.0,7.0,9.0,+7,5.0,30.0,10.0,
331,Crimson Worm,18.0,40.0,+25,36.0,27.0,36.0,+25,27.0,410.0,36.0,41.0
332,Crag Linnorm,14.0,37.0,+22,28.0,24.0,28.0,+24,22.0,270.0,30.0,34.0
333,Cockatrice,3.0,19.0,+6,11.0,8.0,8.0,+11,6.0,45.0,13.0,20.0
334,Cloud Giant,11.0,30.0,+18,25.0,21.0,25.0,+18,21.0,220.0,25.0,30.0
335,Cloaker,5.0,22.0,+12,13.0,12.0,13.0,+12,12.0,80.0,14.0,22.0
336,Clay Golem,10.0,29.0,+16,23.0,17.0,23.0,+16,17.0,175.0,24.0,29.0
337,Cinder Rat,3.0,18.0,+6,12.0,9.0,9.0,+12,6.0,45.0,10.0,22.0
338,Chuul,7.0,28.0,+12,18.0,15.0,18.0,+15,12.0,100.0,19.0,25.0
339,Choral (Choir Angel),6.0,24.0,+10,16.0,14.0,10.0,+14,16.0,100.0,14.0,23.0
340,Chimera,8.0,27.0,+14,18.0,16.0,18.0,+16,14.0,135.0,20.0,26.0
341,Changeling Exile,3.0,19.0,+7,11.0,8.0,7.0,+8,11.0,45.0,11.0,21.0
342,Ceustodaemon (Guardian Daemon),6.0,23.0,+12,16.0,12.0,16.0,+12,12.0,130.0,16.0,24.0
343,Centipede Swarm,3.0,18.0,+5,11.0,8.0,8.0,+11,5.0,30.0,,20.0
344,Centaur,3.0,20.0,+8,9.0,9.0,8.0,+9,9.0,40.0,11.0,18.0
345,Cave Bear,6.0,24.0,+11,16.0,13.0,16.0,+11,13.0,95.0,16.0,
346,Cauthooj,12.0,33.0,+18,25.0,20.0,25.0,+20,18.0,215.0,26.0,32.0
347,Catfolk Pouncer,1.0,17.0,+4,9.0,6.0,6.0,+9,4.0,19.0,9.0,
348,Cassisian (Archive Angel),1.0,18.0,+4,7.0,6.0,7.0,+6,4.0,20.0,6.0,18.0
349,Caligni Stalker,4.0,21.0,+8,13.0,10.0,10.0,+13,8.0,60.0,13.0,21.0
350,Caligni Dancer,1.0,17.0,+4,9.0,7.0,7.0,+9,4.0,18.0,9.0,16.0
351,Caligni Creeper,2.0,19.0,+6,10.0,9.0,9.0,+10,6.0,30.0,10.0,17.0
352,Cacodaemon (Harvester Daemon),1.0,16.0,+6,8.0,7.0,7.0,+8,6.0,22.0,8.0,17.0
353,Bunyip,3.0,19.0,+6,12.0,9.0,9.0,+12,6.0,45.0,11.0,21.0
354,Bulette,8.0,30.0,+14,20.0,16.0,20.0,+16,14.0,120.0,21.0,
355,Bugbear Tormentor,3.0,20.0,+6,10.0,9.0,9.0,+10,6.0,44.0,11.0,
356,Bugbear Thug,2.0,17.0,+5,9.0,8.0,9.0,+8,5.0,34.0,10.0,
357,Brontosaurus,10.0,28.0,,,,21.0,+14,16.0,220.0,23.0,29.0
358,Brine Shark,3.0,19.0,+6,11.0,9.0,9.0,+11,6.0,45.0,11.0,
359,Brain Collector,8.0,26.0,+13,18.0,15.0,15.0,+13,18.0,140.0,20.0,26.0
360,Boggard Warrior,2.0,17.0,+5,10.0,8.0,10.0,+5,8.0,38.0,10.0,
361,Boggard Swampseer,3.0,18.0,+7,11.0,9.0,9.0,+7,11.0,40.0,10.0,21.0
362,Boggard Scout,1.0,16.0,+5,9.0,7.0,9.0,+5,7.0,24.0,8.0,17.0
363,Boar,2.0,18.0,+5,10.0,8.0,10.0,+5,8.0,30.0,10.0,
364,Bloodseeker,-1.0,16.0,+4,8.0,5.0,5.0,+8,4.0,6.0,8.0,
365,Black Pudding,7.0,14.0,+6,18.0,11.0,18.0,+6,11.0,165.0,18.0,26.0
366,Basilisk,5.0,22.0,+8,14.0,11.0,14.0,+8,11.0,75.0,15.0,20.0
367,Barghest,4.0,21.0,+8,12.0,11.0,11.0,+12,8.0,50.0,13.0,21.0
368,Barbazu (Bearded Devil),5.0,22.0,+11,15.0,11.0,15.0,+11,11.0,60.0,15.0,23.0
369,Baomal,20.0,48.0,+30,36.0,34.0,36.0,+30,34.0,315.0,38.0,42.0
370,Banshee,17.0,39.0,+25,32.0,29.0,25.0,+29,32.0,250.0,32.0,38.0
371,Balor (Fire Demon),20.0,45.0,+34,39.0,35.0,39.0,+35,34.0,480.0,40.0,44.0
372,Ball Python,1.0,16.0,+4,10.0,8.0,8.0,+10,4.0,20.0,8.0,17.0
373,Balisse (Confessor Angel),8.0,26.0,+12,18.0,16.0,16.0,+12,18.0,145.0,20.0,26.0
374,Azure Worm,15.0,35.0,+20,32.0,23.0,32.0,+20,23.0,320.0,31.0,37.0
375,Axiomite,8.0,26.0,+13,18.0,16.0,13.0,+16,18.0,155.0,20.0,27.0
376,Awakened Tree,6.0,22.0,+9,16.0,13.0,16.0,+9,13.0,100.0,16.0,
377,Astral Deva (Emissary Angel),14.0,36.0,+22,27.0,26.0,27.0,+26,22.0,285.0,30.0,36.0
378,Astradaemon (Void Daemon),16.0,39.0,+26,30.0,27.0,27.0,+30,26.0,240.0,32.0,37.0
379,Arboreal Warden,4.0,20.0,+9,13.0,11.0,13.0,+9,11.0,75.0,13.0,
380,Arboreal Regent,8.0,26.0,+11,20.0,16.0,20.0,+11,16.0,150.0,19.0,26.0
381,Arbiter,1.0,16.0,+5,7.0,7.0,5.0,+7,7.0,22.0,9.0,17.0
382,Annis Hag,6.0,24.0,+12,16.0,14.0,16.0,+12,14.0,85.0,16.0,24.0
383,Ankylosaurus,6.0,26.0,,,,16.0,+10,12.0,90.0,17.0,24.0
384,Ankhrav,3.0,20.0,+7,12.0,8.0,12.0,+8,7.0,40.0,13.0,20.0
385,Animated Statue,3.0,19.0,+5,12.0,5.0,12.0,+5,5.0,35.0,11.0,
386,Animated Broom,-1.0,16.0,+3,6.0,3.0,3.0,+6,3.0,6.0,6.0,
387,Animated Armor,2.0,17.0,+3,10.0,4.0,10.0,+3,4.0,20.0,11.0,
388,Ancient White Dragon,15.0,36.0,+24,30.0,26.0,30.0,+26,24.0,330.0,31.0,36.0
389,Ancient Silver Dragon,19.0,45.0,+31,34.0,34.0,34.0,+31,34.0,410.0,37.0,42.0
390,Ancient Red Dragon,19.0,45.0,+32,35.0,35.0,35.0,+32,35.0,425.0,37.0,42.0
391,Ancient Green Dragon,17.0,41.0,+29,32.0,30.0,30.0,+29,32.0,315.0,33.0,39.0
392,Ancient Gold Dragon,20.0,46.0,+34,39.0,37.0,37.0,+34,39.0,450.0,38.0,44.0
393,Ancient Copper Dragon,17.0,41.0,+30,32.0,32.0,30.0,+32,32.0,345.0,33.0,39.0
394,Ancient Bronze Dragon,18.0,43.0,+30,34.0,32.0,32.0,+30,34.0,360.0,35.0,40.0
395,Ancient Brass Dragon,16.0,39.0,+29,30.0,30.0,30.0,+29,30.0,325.0,32.0,39.0
396,Ancient Blue Dragon,18.0,42.0,+30,33.0,32.0,32.0,+30,33.0,370.0,35.0,40.0
397,Ancient Black Dragon,16.0,39.0,+27,30.0,29.0,30.0,+27,29.0,325.0,33.0,39.0
398,Algollthu Master (Aboleth),7.0,23.0,+10,16.0,15.0,15.0,+10,16.0,135.0,16.0,25.0
399,Alchemical Golem,9.0,27.0,+15,20.0,19.0,20.0,+19,15.0,150.0,22.0,
400,Air Mephit,1.0,16.0,+3,9.0,7.0,3.0,+9,7.0,12.0,9.0,17.0
401,Adult White Dragon,10.0,29.0,+17,22.0,19.0,22.0,+19,17.0,215.0,23.0,29.0
402,Adult Silver Dragon,14.0,37.0,+23,28.0,26.0,26.0,+23,28.0,295.0,29.0,35.0
403,Adult Red Dragon,14.0,37.0,+25,28.0,26.0,28.0,+25,26.0,305.0,29.0,36.0
404,Adult Green Dragon,12.0,34.0,+20,23.0,22.0,20.0,+22,23.0,215.0,26.0,32.0
405,Adult Gold Dragon,15.0,38.0,+25,28.0,28.0,28.0,+25,28.0,330.0,30.0,37.0
406,Adult Copper Dragon,12.0,33.0,+22,23.0,22.0,23.0,+22,22.0,235.0,26.0,33.0
407,Adult Bronze Dragon,13.0,34.0,+23,26.0,24.0,24.0,+23,26.0,260.0,28.0,33.0
408,Adult Brass Dragon,11.0,31.0,+20,22.0,21.0,22.0,+20,21.0,215.0,24.0,32.0
409,Adult Blue Dragon,13.0,34.0,+23,24.0,23.0,24.0,+23,23.0,260.0,27.0,33.0
410,Adult Black Dragon,11.0,31.0,+18,23.0,21.0,23.0,+18,21.0,215.0,25.0,30.0
411,Adamantine Golem,18.0,42.0,+27,33.0,29.0,33.0,+27,29.0,255.0,28.0,45.0
412,Aasimar Redeemer,5.0,23.0,+8,12.0,11.0,12.0,+8,11.0,73.0,15.0,20.0
