,build,level,action,attack_roll_result,attack modifier,penalties,dmg_dice,damage_type,damage_output,target_ac,crit_ac
0,dwarf barbarian strength,1,str 1d4 melee attack 1,random_roll,4.0,0,4,melee,2.0,13.0,23.0
1,dwarf barbarian strength,1,str 1d4 melee attack 2,random_roll,4.0,5,4,melee,2.0,13.0,23.0
2,dwarf barbarian strength,1,str 1d6 melee attack 1,random_roll,4.0,0,6,melee,2.0,13.0,23.0
3,dwarf barbarian strength,1,str 1d6 melee attack 2,random_roll,4.0,5,6,melee,2.0,13.0,23.0
4,dwarf barbarian strength,1,str 1d8 melee attack 1,random_roll,4.0,0,8,melee,2.0,13.0,23.0
5,dwarf barbarian strength,1,str 1d8 melee attack 2,random_roll,4.0,5,8,melee,2.0,13.0,23.0
6,dwarf barbarian strength,1,str 1d10 melee attack 1,random_roll,4.0,0,10,melee,2.0,13.0,23.0
7,dwarf barbarian strength,1,str 1d10 melee attack 2,random_roll,4.0,5,10,melee,2.0,13.0,23.0
8,dwarf barbarian strength,1,str 1d12 melee attack 1,random_roll,4.0,0,12,melee,2.0,13.0,23.0
9,dwarf barbarian strength,1,str 1d12 melee attack 2,random_roll,4.0,5,12,melee,2.0,13.0,23.0
10,dwarf fighter strength,1,str 1d4 melee attack 1,random_roll,4.0,0,4,melee,2.0,13.0,23.0
11,dwarf fighter strength,1,str 1d4 melee attack 2,random_roll,4.0,5,4,melee,2.0,13.0,23.0
12,dwarf fighter strength,1,str 1d8 melee attack 1,random_roll,4.0,0,8,melee,2.0,13.0,23.0
13,dwarf fighter strength,1,str 1d8 melee attack 2,random_roll,4.0,5,8,melee,2.0,13.0,23.0
14,dwarf fighter strength,1,str 1d10 melee attack 1,random_roll,4.0,0,10,melee,2.0,13.0,23.0
15,dwarf fighter strength,1,str 1d10 melee attack 2,random_roll,4.0,5,10,melee,2.0,13.0,23.0
16,dwarf fighter strength,1,str 1d6 melee attack 1,random_roll,4.0,0,6,melee,2.0,13.0,23.0
17,dwarf fighter strength,1,str 1d6 melee attack 2,random_roll,4.0,5,6,melee,2.0,13.0,23.0
18,dwarf fighter strength,1,str 1d12 melee attack 1,random_roll,4.0,0,12,melee,2.0,13.0,23.0
19,dwarf fighter strength,1,str 1d12 melee attack 2,random_roll,4.0,5,12,melee,2.0,13.0,23.0
20,dwarf fighter   dexterity,1,dex 1d4 melee attack 1,random_roll,4.0,0,4,melee,2.0,13.0,23.0
21,dwarf fighter   dexterity,1,dex 1d4 melee attack 2,random_roll,4.0,5,4,melee,2.0,13.0,23.0
22,dwarf fighter   dexterity,1,dex 1d8 melee attack 1,random_roll,4.0,0,8,melee,2.0,13.0,23.0
23,dwarf fighter   dexterity,1,dex 1d8 melee attack 2,random_roll,4.0,5,8,melee,2.0,13.0,23.0
24,dwarf fighter   dexterity,1,dex 1d10 melee attack 1,random_roll,4.0,0,10,melee,2.0,13.0,23.0
25,dwarf fighter   dexterity,1,dex 1d10 melee attack 2,random_roll,4.0,5,10,melee,2.0,13.0,23.0
26,dwarf fighter   dexterity,1,dex 1d6 melee attack 1,random_roll,4.0,0,6,melee,2.0,13.0,23.0
27,dwarf fighter   dexterity,1,dex 1d6 melee attack 2,random_roll,4.0,5,6,melee,2.0,13.0,23.0
28,dwarf fighter   dexterity,1,dex 1d12 melee attack 1,random_roll,4.0,0,12,melee,2.0,13.0,23.0
29,dwarf fighter   dexterity,1,dex 1d12 melee attack 2,random_roll,4.0,5,12,melee,2.0,13.0,23.0
30,dwarf rogue dexterity,1,dex 1d4 melee attack 1,random_roll,4.0,0,4,melee,2.0,13.0,23.0
31,dwarf rogue dexterity,1,dex 1d4 melee attack 2,random_roll,4.0,5,4,melee,2.0,13.0,23.0
32,dwarf rogue dexterity,1,dex 1d6 melee attack 1,random_roll,4.0,0,6,melee,2.0,13.0,23.0
33,dwarf rogue dexterity,1,dex 1d6 melee attack 2,random_roll,4.0,5,6,melee,2.0,13.0,23.0
34,dwarf rogue dexterity,1,dex 1d8 melee attack 1,random_roll,4.0,0,8,melee,2.0,13.0,23.0
35,dwarf rogue dexterity,1,dex 1d8 melee attack 2,random_roll,4.0,5,8,melee,2.0,13.0,23.0
36,dwarf sorcerer charisma,1,str 1d4 melee attack 1,random_roll,3.0,0,4,melee,1.0,11.0,21.0
37,dwarf sorcerer charisma,1,str 1d4 melee attack 2,random_roll,3.0,5,4,melee,1.0,11.0,21.0
38,dwarf sorcerer charisma,1,dex 1d4 melee attack 1,random_roll,3.0,0,4,melee,1.0,11.0,21.0
39,dwarf sorcerer charisma,1,dex 1d4 melee attack 2,random_roll,3.0,5,4,melee,1.0,11.0,21.0
40,dwarf sorcerer charisma,1,str 1d6 melee attack 1,random_roll,3.0,0,6,melee,1.0,11.0,21.0
41,dwarf sorcerer charisma,1,str 1d6 melee attack 2,random_roll,3.0,5,6,melee,1.0,11.0,21.0
42,dwarf sorcerer charisma,1,dex 1d6 melee attack 1,random_roll,3.0,0,6,melee,1.0,11.0,21.0
43,dwarf sorcerer charisma,1,dex 1d6 melee attack 2,random_roll,3.0,5,6,melee,1.0,11.0,21.0
44,dwarf sorcerer charisma,1,str 1d8 melee attack 1,random_roll,3.0,0,8,melee,1.0,11.0,21.0
45,dwarf sorcerer charisma,1,str 1d8 melee attack 2,random_roll,3.0,5,8,melee,1.0,11.0,21.0
46,dwarf sorcerer charisma,1,dex 1d8 melee attack 1,random_roll,3.0,0,8,melee,1.0,11.0,21.0
47,dwarf sorcerer charisma,1,dex 1d8 melee attack 2,random_roll,3.0,5,8,melee,1.0,11.0,21.0
48,elf barbarian strength,1,str 1d4 melee attack 1,random_roll,4.0,0,4,melee,2.0,14.0,24.0
49,elf barbarian strength,1,str 1d4 melee attack 2,random_roll,4.0,5,4,melee,2.0,14.0,24.0
50,elf barbarian strength,1,dex 1d4 melee attack 1,random_roll,4.0,0,4,melee,2.0,14.0,24.0
51,elf barbarian strength,1,dex 1d4 melee attack 2,random_roll,4.0,5,4,melee,2.0,14.0,24.0
52,elf barbarian strength,1,str 1d6 melee attack 1,random_roll,4.0,0,6,melee,2.0,14.0,24.0
53,elf barbarian strength,1,str 1d6 melee attack 2,random_roll,4.0,5,6,melee,2.0,14.0,24.0
54,elf barbarian strength,1,dex 1d6 melee attack 1,random_roll,4.0,0,6,melee,2.0,14.0,24.0
55,elf barbarian strength,1,dex 1d6 melee attack 2,random_roll,4.0,5,6,melee,2.0,14.0,24.0
56,elf barbarian strength,1,str 1d8 melee attack 1,random_roll,4.0,0,8,melee,2.0,14.0,24.0
57,elf barbarian strength,1,str 1d8 melee attack 2,random_roll,4.0,5,8,melee,2.0,14.0,24.0
58,elf barbarian strength,1,dex 1d8 melee attack 1,random_roll,4.0,0,8,melee,2.0,14.0,24.0
59,elf barbarian strength,1,dex 1d8 melee attack 2,random_roll,4.0,5,8,melee,2.0,14.0,24.0
60,elf barbarian strength,1,str 1d10 melee attack 1,random_roll,4.0,0,10,melee,2.0,14.0,24.0
61,elf barbarian strength,1,str 1d10 melee attack 2,random_roll,4.0,5,10,melee,2.0,14.0,24.0
62,elf barbarian strength,1,dex 1d10 melee attack 1,random_roll,4.0,0,10,melee,2.0,14.0,24.0
63,elf barbarian strength,1,dex 1d10 melee attack 2,random_roll,4.0,5,10,melee,2.0,14.0,24.0
64,elf barbarian strength,1,str 1d12 melee attack 1,random_roll,4.0,0,12,melee,2.0,14.0,24.0
65,elf barbarian strength,1,str 1d12 melee attack 2,random_roll,4.0,5,12,melee,2.0,14.0,24.0
66,elf barbarian strength,1,dex 1d12 melee attack 1,random_roll,4.0,0,12,melee,2.0,14.0,24.0
67,elf barbarian strength,1,dex 1d12 melee attack 2,random_roll,4.0,5,12,melee,2.0,14.0,24.0
68,elf fighter strength,1,str 1d4 melee attack 1,random_roll,4.0,0,4,melee,2.0,14.0,24.0
69,elf fighter strength,1,str 1d4 melee attack 2,random_roll,4.0,5,4,melee,2.0,14.0,24.0
70,elf fighter strength,1,dex 1d4 melee attack 1,random_roll,4.0,0,4,melee,2.0,14.0,24.0
71,elf fighter strength,1,dex 1d4 melee attack 2,random_roll,4.0,5,4,melee,2.0,14.0,24.0
72,elf fighter strength,1,str 1d8 melee attack 1,random_roll,4.0,0,8,melee,2.0,14.0,24.0
73,elf fighter strength,1,str 1d8 melee attack 2,random_roll,4.0,5,8,melee,2.0,14.0,24.0
74,elf fighter strength,1,dex 1d8 melee attack 1,random_roll,4.0,0,8,melee,2.0,14.0,24.0
75,elf fighter strength,1,dex 1d8 melee attack 2,random_roll,4.0,5,8,melee,2.0,14.0,24.0
76,elf fighter strength,1,str 1d10 melee attack 1,random_roll,4.0,0,10,melee,2.0,14.0,24.0
77,elf fighter strength,1,str 1d10 melee attack 2,random_roll,4.0,5,10,melee,2.0,14.0,24.0
78,elf fighter strength,1,dex 1d10 melee attack 1,random_roll,4.0,0,10,melee,2.0,14.0,24.0
79,elf fighter strength,1,dex 1d10 melee attack 2,random_roll,4.0,5,10,melee,2.0,14.0,24.0
80,elf fighter strength,1,str 1d6 melee attack 1,random_roll,4.0,0,6,melee,2.0,14.0,24.0
81,elf fighter strength,1,str 1d6 melee attack 2,random_roll,4.0,5,6,melee,2.0,14.0,24.0
82,elf fighter strength,1,dex 1d6 melee attack 1,random_roll,4.0,0,6,melee,2.0,14.0,24.0
83,elf fighter strength,1,dex 1d6 melee attack 2,random_roll,4.0,5,6,melee,2.0,14.0,24.0
84,elf fighter strength,1,str 1d12 melee attack 1,random_roll,4.0,0,12,melee,2.0,14.0,24.0
85,elf fighter strength,1,str 1d12 melee attack 2,random_roll,4.0,5,12,melee,2.0,14.0,24.0
86,elf fighter strength,1,dex 1d12 melee attack 1,random_roll,4.0,0,12,melee,2.0,14.0,24.0
87,elf fighter strength,1,dex 1d12 melee attack 2,random_roll,4.0,5,12,melee,2.0,14.0,24.0
88,elf fighter   dexterity,1,dex 1d4 melee attack 1,random_roll,5.0,0,4,melee,3.0,14.0,24.0
89,elf fighter   dexterity,1,dex 1d4 melee attack 2,random_roll,5.0,5,4,melee,3.0,14.0,24.0
90,elf fighter   dexterity,1,dex 1d8 melee attack 1,random_roll,5.0,0,8,melee,3.0,14.0,24.0
91,elf fighter   dexterity,1,dex 1d8 melee attack 2,random_roll,5.0,5,8,melee,3.0,14.0,24.0
92,elf fighter   dexterity,1,dex 1d10 melee attack 1,random_roll,5.0,0,10,melee,3.0,14.0,24.0
93,elf fighter   dexterity,1,dex 1d10 melee attack 2,random_roll,5.0,5,10,melee,3.0,14.0,24.0
94,elf fighter   dexterity,1,dex 1d6 melee attack 1,random_roll,5.0,0,6,melee,3.0,14.0,24.0
95,elf fighter   dexterity,1,dex 1d6 melee attack 2,random_roll,5.0,5,6,melee,3.0,14.0,24.0
96,elf fighter   dexterity,1,dex 1d12 melee attack 1,random_roll,5.0,0,12,melee,3.0,14.0,24.0
97,elf fighter   dexterity,1,dex 1d12 melee attack 2,random_roll,5.0,5,12,melee,3.0,14.0,24.0
98,elf rogue dexterity,1,dex 1d4 melee attack 1,random_roll,5.0,0,4,melee,3.0,14.0,24.0
99,elf rogue dexterity,1,dex 1d4 melee attack 2,random_roll,5.0,5,4,melee,3.0,14.0,24.0
100,elf rogue dexterity,1,dex 1d6 melee attack 1,random_roll,5.0,0,6,melee,3.0,14.0,24.0
101,elf rogue dexterity,1,dex 1d6 melee attack 2,random_roll,5.0,5,6,melee,3.0,14.0,24.0
102,elf rogue dexterity,1,dex 1d8 melee attack 1,random_roll,5.0,0,8,melee,3.0,14.0,24.0
103,elf rogue dexterity,1,dex 1d8 melee attack 2,random_roll,5.0,5,8,melee,3.0,14.0,24.0
104,elf sorcerer charisma,1,dex 1d4 melee attack 1,random_roll,4.0,0,4,melee,2.0,12.0,22.0
105,elf sorcerer charisma,1,dex 1d4 melee attack 2,random_roll,4.0,5,4,melee,2.0,12.0,22.0
106,elf sorcerer charisma,1,dex 1d6 melee attack 1,random_roll,4.0,0,6,melee,2.0,12.0,22.0
107,elf sorcerer charisma,1,dex 1d6 melee attack 2,random_roll,4.0,5,6,melee,2.0,12.0,22.0
108,elf sorcerer charisma,1,dex 1d8 melee attack 1,random_roll,4.0,0,8,melee,2.0,12.0,22.0
109,elf sorcerer charisma,1,dex 1d8 melee attack 2,random_roll,4.0,5,8,melee,2.0,12.0,22.0
110,halfling barbarian strength,1,dex 1d4 melee attack 1,random_roll,4.0,0,4,melee,2.0,13.0,23.0
111,halfling barbarian strength,1,dex 1d4 melee attack 2,random_roll,4.0,5,4,melee,2.0,13.0,23.0
112,halfling barbarian strength,1,dex 1d6 melee attack 1,random_roll,4.0,0,6,melee,2.0,13.0,23.0
113,halfling barbarian strength,1,dex 1d6 melee attack 2,random_roll,4.0,5,6,melee,2.0,13.0,23.0
114,halfling barbarian strength,1,dex 1d8 melee attack 1,random_roll,4.0,0,8,melee,2.0,13.0,23.0
115,halfling barbarian strength,1,dex 1d8 melee attack 2,random_roll,4.0,5,8,melee,2.0,13.0,23.0
116,halfling barbarian strength,1,dex 1d10 melee attack 1,random_roll,4.0,0,10,melee,2.0,13.0,23.0
117,halfling barbarian strength,1,dex 1d10 melee attack 2,random_roll,4.0,5,10,melee,2.0,13.0,23.0
118,halfling barbarian strength,1,dex 1d12 melee attack 1,random_roll,4.0,0,12,melee,2.0,13.0,23.0
119,halfling barbarian strength,1,dex 1d12 melee attack 2,random_roll,4.0,5,12,melee,2.0,13.0,23.0
120,halfling fighter strength,1,dex 1d4 melee attack 1,random_roll,4.0,0,4,melee,2.0,13.0,23.0
121,halfling fighter strength,1,dex 1d4 melee attack 2,random_roll,4.0,5,4,melee,2.0,13.0,23.0
122,halfling fighter strength,1,dex 1d8 melee attack 1,random_roll,4.0,0,8,melee,2.0,13.0,23.0
123,halfling fighter strength,1,dex 1d8 melee attack 2,random_roll,4.0,5,8,melee,2.0,13.0,23.0
124,halfling fighter strength,1,dex 1d10 melee attack 1,random_roll,4.0,0,10,melee,2.0,13.0,23.0
125,halfling fighter strength,1,dex 1d10 melee attack 2,random_roll,4.0,5,10,melee,2.0,13.0,23.0
126,halfling fighter strength,1,dex 1d6 melee attack 1,random_roll,4.0,0,6,melee,2.0,13.0,23.0
127,halfling fighter strength,1,dex 1d6 melee attack 2,random_roll,4.0,5,6,melee,2.0,13.0,23.0
128,halfling fighter strength,1,dex 1d12 melee attack 1,random_roll,4.0,0,12,melee,2.0,13.0,23.0
129,halfling fighter strength,1,dex 1d12 melee attack 2,random_roll,4.0,5,12,melee,2.0,13.0,23.0
130,halfling fighter   dexterity,1,dex 1d4 melee attack 1,random_roll,5.0,0,4,melee,3.0,14.0,24.0
131,halfling fighter   dexterity,1,dex 1d4 melee attack 2,random_roll,5.0,5,4,melee,3.0,14.0,24.0
132,halfling fighter   dexterity,1,dex 1d8 melee attack 1,random_roll,5.0,0,8,melee,3.0,14.0,24.0
133,halfling fighter   dexterity,1,dex 1d8 melee attack 2,random_roll,5.0,5,8,melee,3.0,14.0,24.0
134,halfling fighter   dexterity,1,dex 1d10 melee attack 1,random_roll,5.0,0,10,melee,3.0,14.0,24.0
135,halfling fighter   dexterity,1,dex 1d10 melee attack 2,random_roll,5.0,5,10,melee,3.0,14.0,24.0
136,halfling fighter   dexterity,1,dex 1d6 melee attack 1,random_roll,5.0,0,6,melee,3.0,14.0,24.0
137,halfling fighter   dexterity,1,dex 1d6 melee attack 2,random_roll,5.0,5,6,melee,3.0,14.0,24.0
138,halfling fighter   dexterity,1,dex 1d12 melee attack 1,random_roll,5.0,0,12,melee,3.0,14.0,24.0
139,halfling fighter   dexterity,1,dex 1d12 melee attack 2,random_roll,5.0,5,12,melee,3.0,14.0,24.0
140,halfling rogue dexterity,1,dex 1d4 melee attack 1,random_roll,5.0,0,4,melee,3.0,14.0,24.0
141,halfling rogue dexterity,1,dex 1d4 melee attack 2,random_roll,5.0,5,4,melee,3.0,14.0,24.0
142,halfling rogue dexterity,1,dex 1d6 melee attack 1,random_roll,5.0,0,6,melee,3.0,14.0,24.0
143,halfling rogue dexterity,1,dex 1d6 melee attack 2,random_roll,5.0,5,6,melee,3.0,14.0,24.0
144,halfling rogue dexterity,1,dex 1d8 melee attack 1,random_roll,5.0,0,8,melee,3.0,14.0,24.0
145,halfling rogue dexterity,1,dex 1d8 melee attack 2,random_roll,5.0,5,8,melee,3.0,14.0,24.0
146,halfling sorcerer charisma,1,dex 1d4 melee attack 1,random_roll,4.0,0,4,melee,2.0,12.0,22.0
147,halfling sorcerer charisma,1,dex 1d4 melee attack 2,random_roll,4.0,5,4,melee,2.0,12.0,22.0
148,halfling sorcerer charisma,1,dex 1d6 melee attack 1,random_roll,4.0,0,6,melee,2.0,12.0,22.0
149,halfling sorcerer charisma,1,dex 1d6 melee attack 2,random_roll,4.0,5,6,melee,2.0,12.0,22.0
150,halfling sorcerer charisma,1,dex 1d8 melee attack 1,random_roll,4.0,0,8,melee,2.0,12.0,22.0
151,halfling sorcerer charisma,1,dex 1d8 melee attack 2,random_roll,4.0,5,8,melee,2.0,12.0,22.0
152,human-str barbarian strength,1,str 1d4 melee attack 1,random_roll,5.0,0,4,melee,3.0,13.0,23.0
153,human-str barbarian strength,1,str 1d4 melee attack 2,random_roll,5.0,5,4,melee,3.0,13.0,23.0
154,human-str barbarian strength,1,str 1d6 melee attack 1,random_roll,5.0,0,6,melee,3.0,13.0,23.0
155,human-str barbarian strength,1,str 1d6 melee attack 2,random_roll,5.0,5,6,melee,3.0,13.0,23.0
156,human-str barbarian strength,1,str 1d8 melee attack 1,random_roll,5.0,0,8,melee,3.0,13.0,23.0
157,human-str barbarian strength,1,str 1d8 melee attack 2,random_roll,5.0,5,8,melee,3.0,13.0,23.0
158,human-str barbarian strength,1,str 1d10 melee attack 1,random_roll,5.0,0,10,melee,3.0,13.0,23.0
159,human-str barbarian strength,1,str 1d10 melee attack 2,random_roll,5.0,5,10,melee,3.0,13.0,23.0
160,human-str barbarian strength,1,str 1d12 melee attack 1,random_roll,5.0,0,12,melee,3.0,13.0,23.0
161,human-str barbarian strength,1,str 1d12 melee attack 2,random_roll,5.0,5,12,melee,3.0,13.0,23.0
162,human-str fighter strength,1,str 1d4 melee attack 1,random_roll,5.0,0,4,melee,3.0,13.0,23.0
163,human-str fighter strength,1,str 1d4 melee attack 2,random_roll,5.0,5,4,melee,3.0,13.0,23.0
164,human-str fighter strength,1,str 1d8 melee attack 1,random_roll,5.0,0,8,melee,3.0,13.0,23.0
165,human-str fighter strength,1,str 1d8 melee attack 2,random_roll,5.0,5,8,melee,3.0,13.0,23.0
166,human-str fighter strength,1,str 1d10 melee attack 1,random_roll,5.0,0,10,melee,3.0,13.0,23.0
167,human-str fighter strength,1,str 1d10 melee attack 2,random_roll,5.0,5,10,melee,3.0,13.0,23.0
168,human-str fighter strength,1,str 1d6 melee attack 1,random_roll,5.0,0,6,melee,3.0,13.0,23.0
169,human-str fighter strength,1,str 1d6 melee attack 2,random_roll,5.0,5,6,melee,3.0,13.0,23.0
170,human-str fighter strength,1,str 1d12 melee attack 1,random_roll,5.0,0,12,melee,3.0,13.0,23.0
171,human-str fighter strength,1,str 1d12 melee attack 2,random_roll,5.0,5,12,melee,3.0,13.0,23.0
172,human-str fighter   dexterity,1,str 1d4 melee attack 1,random_roll,4.0,0,4,melee,2.0,14.0,24.0
173,human-str fighter   dexterity,1,str 1d4 melee attack 2,random_roll,4.0,5,4,melee,2.0,14.0,24.0
174,human-str fighter   dexterity,1,dex 1d4 melee attack 1,random_roll,4.0,0,4,melee,2.0,14.0,24.0
175,human-str fighter   dexterity,1,dex 1d4 melee attack 2,random_roll,4.0,5,4,melee,2.0,14.0,24.0
176,human-str fighter   dexterity,1,str 1d8 melee attack 1,random_roll,4.0,0,8,melee,2.0,14.0,24.0
177,human-str fighter   dexterity,1,str 1d8 melee attack 2,random_roll,4.0,5,8,melee,2.0,14.0,24.0
178,human-str fighter   dexterity,1,dex 1d8 melee attack 1,random_roll,4.0,0,8,melee,2.0,14.0,24.0
179,human-str fighter   dexterity,1,dex 1d8 melee attack 2,random_roll,4.0,5,8,melee,2.0,14.0,24.0
180,human-str fighter   dexterity,1,str 1d10 melee attack 1,random_roll,4.0,0,10,melee,2.0,14.0,24.0
181,human-str fighter   dexterity,1,str 1d10 melee attack 2,random_roll,4.0,5,10,melee,2.0,14.0,24.0
182,human-str fighter   dexterity,1,dex 1d10 melee attack 1,random_roll,4.0,0,10,melee,2.0,14.0,24.0
183,human-str fighter   dexterity,1,dex 1d10 melee attack 2,random_roll,4.0,5,10,melee,2.0,14.0,24.0
184,human-str fighter   dexterity,1,str 1d6 melee attack 1,random_roll,4.0,0,6,melee,2.0,14.0,24.0
185,human-str fighter   dexterity,1,str 1d6 melee attack 2,random_roll,4.0,5,6,melee,2.0,14.0,24.0
186,human-str fighter   dexterity,1,dex 1d6 melee attack 1,random_roll,4.0,0,6,melee,2.0,14.0,24.0
187,human-str fighter   dexterity,1,dex 1d6 melee attack 2,random_roll,4.0,5,6,melee,2.0,14.0,24.0
188,human-str fighter   dexterity,1,str 1d12 melee attack 1,random_roll,4.0,0,12,melee,2.0,14.0,24.0
189,human-str fighter   dexterity,1,str 1d12 melee attack 2,random_roll,4.0,5,12,melee,2.0,14.0,24.0
190,human-str fighter   dexterity,1,dex 1d12 melee attack 1,random_roll,4.0,0,12,melee,2.0,14.0,24.0
191,human-str fighter   dexterity,1,dex 1d12 melee attack 2,random_roll,4.0,5,12,melee,2.0,14.0,24.0
192,human-str rogue dexterity,1,str 1d4 melee attack 1,random_roll,4.0,0,4,melee,2.0,14.0,24.0
193,human-str rogue dexterity,1,str 1d4 melee attack 2,random_roll,4.0,5,4,melee,2.0,14.0,24.0
194,human-str rogue dexterity,1,dex 1d4 melee attack 1,random_roll,4.0,0,4,melee,2.0,14.0,24.0
195,human-str rogue dexterity,1,dex 1d4 melee attack 2,random_roll,4.0,5,4,melee,2.0,14.0,24.0
196,human-str rogue dexterity,1,str 1d6 melee attack 1,random_roll,4.0,0,6,melee,2.0,14.0,24.0
197,human-str rogue dexterity,1,str 1d6 melee attack 2,random_roll,4.0,5,6,melee,2.0,14.0,24.0
198,human-str rogue dexterity,1,dex 1d6 melee attack 1,random_roll,4.0,0,6,melee,2.0,14.0,24.0
199,human-str rogue dexterity,1,dex 1d6 melee attack 2,random_roll,4.0,5,6,melee,2.0,14.0,24.0
200,human-str rogue dexterity,1,str 1d8 melee attack 1,random_roll,4.0,0,8,melee,2.0,14.0,24.0
201,human-str rogue dexterity,1,str 1d8 melee attack 2,random_roll,4.0,5,8,melee,2.0,14.0,24.0
202,human-str rogue dexterity,1,dex 1d8 melee attack 1,random_roll,4.0,0,8,melee,2.0,14.0,24.0
203,human-str rogue dexterity,1,dex 1d8 melee attack 2,random_roll,4.0,5,8,melee,2.0,14.0,24.0
204,human-str sorcerer charisma,1,str 1d4 melee attack 1,random_roll,4.0,0,4,melee,2.0,11.0,21.0
205,human-str sorcerer charisma,1,str 1d4 melee attack 2,random_roll,4.0,5,4,melee,2.0,11.0,21.0
206,human-str sorcerer charisma,1,str 1d6 melee attack 1,random_roll,4.0,0,6,melee,2.0,11.0,21.0
207,human-str sorcerer charisma,1,str 1d6 melee attack 2,random_roll,4.0,5,6,melee,2.0,11.0,21.0
208,human-str sorcerer charisma,1,str 1d8 melee attack 1,random_roll,4.0,0,8,melee,2.0,11.0,21.0
209,human-str sorcerer charisma,1,str 1d8 melee attack 2,random_roll,4.0,5,8,melee,2.0,11.0,21.0
210,human-dex barbarian strength,1,str 1d4 melee attack 1,random_roll,4.0,0,4,melee,2.0,14.0,24.0
211,human-dex barbarian strength,1,str 1d4 melee attack 2,random_roll,4.0,5,4,melee,2.0,14.0,24.0
212,human-dex barbarian strength,1,dex 1d4 melee attack 1,random_roll,4.0,0,4,melee,2.0,14.0,24.0
213,human-dex barbarian strength,1,dex 1d4 melee attack 2,random_roll,4.0,5,4,melee,2.0,14.0,24.0
214,human-dex barbarian strength,1,str 1d6 melee attack 1,random_roll,4.0,0,6,melee,2.0,14.0,24.0
215,human-dex barbarian strength,1,str 1d6 melee attack 2,random_roll,4.0,5,6,melee,2.0,14.0,24.0
216,human-dex barbarian strength,1,dex 1d6 melee attack 1,random_roll,4.0,0,6,melee,2.0,14.0,24.0
217,human-dex barbarian strength,1,dex 1d6 melee attack 2,random_roll,4.0,5,6,melee,2.0,14.0,24.0
218,human-dex barbarian strength,1,str 1d8 melee attack 1,random_roll,4.0,0,8,melee,2.0,14.0,24.0
219,human-dex barbarian strength,1,str 1d8 melee attack 2,random_roll,4.0,5,8,melee,2.0,14.0,24.0
220,human-dex barbarian strength,1,dex 1d8 melee attack 1,random_roll,4.0,0,8,melee,2.0,14.0,24.0
221,human-dex barbarian strength,1,dex 1d8 melee attack 2,random_roll,4.0,5,8,melee,2.0,14.0,24.0
222,human-dex barbarian strength,1,str 1d10 melee attack 1,random_roll,4.0,0,10,melee,2.0,14.0,24.0
223,human-dex barbarian strength,1,str 1d10 melee attack 2,random_roll,4.0,5,10,melee,2.0,14.0,24.0
224,human-dex barbarian strength,1,dex 1d10 melee attack 1,random_roll,4.0,0,10,melee,2.0,14.0,24.0
225,human-dex barbarian strength,1,dex 1d10 melee attack 2,random_roll,4.0,5,10,melee,2.0,14.0,24.0
226,human-dex barbarian strength,1,str 1d12 melee attack 1,random_roll,4.0,0,12,melee,2.0,14.0,24.0
227,human-dex barbarian strength,1,str 1d12 melee attack 2,random_roll,4.0,5,12,melee,2.0,14.0,24.0
228,human-dex barbarian strength,1,dex 1d12 melee attack 1,random_roll,4.0,0,12,melee,2.0,14.0,24.0
229,human-dex barbarian strength,1,dex 1d12 melee attack 2,random_roll,4.0,5,12,melee,2.0,14.0,24.0
230,human-dex fighter strength,1,str 1d4 melee attack 1,random_roll,4.0,0,4,melee,2.0,14.0,24.0
231,human-dex fighter strength,1,str 1d4 melee attack 2,random_roll,4.0,5,4,melee,2.0,14.0,24.0
232,human-dex fighter strength,1,dex 1d4 melee attack 1,random_roll,4.0,0,4,melee,2.0,14.0,24.0
233,human-dex fighter strength,1,dex 1d4 melee attack 2,random_roll,4.0,5,4,melee,2.0,14.0,24.0
234,human-dex fighter strength,1,str 1d8 melee attack 1,random_roll,4.0,0,8,melee,2.0,14.0,24.0
235,human-dex fighter strength,1,str 1d8 melee attack 2,random_roll,4.0,5,8,melee,2.0,14.0,24.0
236,human-dex fighter strength,1,dex 1d8 melee attack 1,random_roll,4.0,0,8,melee,2.0,14.0,24.0
237,human-dex fighter strength,1,dex 1d8 melee attack 2,random_roll,4.0,5,8,melee,2.0,14.0,24.0
238,human-dex fighter strength,1,str 1d10 melee attack 1,random_roll,4.0,0,10,melee,2.0,14.0,24.0
239,human-dex fighter strength,1,str 1d10 melee attack 2,random_roll,4.0,5,10,melee,2.0,14.0,24.0
240,human-dex fighter strength,1,dex 1d10 melee attack 1,random_roll,4.0,0,10,melee,2.0,14.0,24.0
241,human-dex fighter strength,1,dex 1d10 melee attack 2,random_roll,4.0,5,10,melee,2.0,14.0,24.0
242,human-dex fighter strength,1,str 1d6 melee attack 1,random_roll,4.0,0,6,melee,2.0,14.0,24.0
243,human-dex fighter strength,1,str 1d6 melee attack 2,random_roll,4.0,5,6,melee,2.0,14.0,24.0
244,human-dex fighter strength,1,dex 1d6 melee attack 1,random_roll,4.0,0,6,melee,2.0,14.0,24.0
245,human-dex fighter strength,1,dex 1d6 melee attack 2,random_roll,4.0,5,6,melee,2.0,14.0,24.0
246,human-dex fighter strength,1,str 1d12 melee attack 1,random_roll,4.0,0,12,melee,2.0,14.0,24.0
247,human-dex fighter strength,1,str 1d12 melee attack 2,random_roll,4.0,5,12,melee,2.0,14.0,24.0
248,human-dex fighter strength,1,dex 1d12 melee attack 1,random_roll,4.0,0,12,melee,2.0,14.0,24.0
249,human-dex fighter strength,1,dex 1d12 melee attack 2,random_roll,4.0,5,12,melee,2.0,14.0,24.0
250,human-dex fighter   dexterity,1,dex 1d4 melee attack 1,random_roll,5.0,0,4,melee,3.0,14.0,24.0
251,human-dex fighter   dexterity,1,dex 1d4 melee attack 2,random_roll,5.0,5,4,melee,3.0,14.0,24.0
252,human-dex fighter   dexterity,1,dex 1d8 melee attack 1,random_roll,5.0,0,8,melee,3.0,14.0,24.0
253,human-dex fighter   dexterity,1,dex 1d8 melee attack 2,random_roll,5.0,5,8,melee,3.0,14.0,24.0
254,human-dex fighter   dexterity,1,dex 1d10 melee attack 1,random_roll,5.0,0,10,melee,3.0,14.0,24.0
255,human-dex fighter   dexterity,1,dex 1d10 melee attack 2,random_roll,5.0,5,10,melee,3.0,14.0,24.0
256,human-dex fighter   dexterity,1,dex 1d6 melee attack 1,random_roll,5.0,0,6,melee,3.0,14.0,24.0
257,human-dex fighter   dexterity,1,dex 1d6 melee attack 2,random_roll,5.0,5,6,melee,3.0,14.0,24.0
258,human-dex fighter   dexterity,1,dex 1d12 melee attack 1,random_roll,5.0,0,12,melee,3.0,14.0,24.0
259,human-dex fighter   dexterity,1,dex 1d12 melee attack 2,random_roll,5.0,5,12,melee,3.0,14.0,24.0
260,human-dex rogue dexterity,1,dex 1d4 melee attack 1,random_roll,5.0,0,4,melee,3.0,14.0,24.0
261,human-dex rogue dexterity,1,dex 1d4 melee attack 2,random_roll,5.0,5,4,melee,3.0,14.0,24.0
262,human-dex rogue dexterity,1,dex 1d6 melee attack 1,random_roll,5.0,0,6,melee,3.0,14.0,24.0
263,human-dex rogue dexterity,1,dex 1d6 melee attack 2,random_roll,5.0,5,6,melee,3.0,14.0,24.0
264,human-dex rogue dexterity,1,dex 1d8 melee attack 1,random_roll,5.0,0,8,melee,3.0,14.0,24.0
265,human-dex rogue dexterity,1,dex 1d8 melee attack 2,random_roll,5.0,5,8,melee,3.0,14.0,24.0
266,human-dex sorcerer charisma,1,dex 1d4 melee attack 1,random_roll,4.0,0,4,melee,2.0,12.0,22.0
267,human-dex sorcerer charisma,1,dex 1d4 melee attack 2,random_roll,4.0,5,4,melee,2.0,12.0,22.0
268,human-dex sorcerer charisma,1,dex 1d6 melee attack 1,random_roll,4.0,0,6,melee,2.0,12.0,22.0
269,human-dex sorcerer charisma,1,dex 1d6 melee attack 2,random_roll,4.0,5,6,melee,2.0,12.0,22.0
270,human-dex sorcerer charisma,1,dex 1d8 melee attack 1,random_roll,4.0,0,8,melee,2.0,12.0,22.0
271,human-dex sorcerer charisma,1,dex 1d8 melee attack 2,random_roll,4.0,5,8,melee,2.0,12.0,22.0
272,orc-str barbarian strength,1,str 1d4 melee attack 1,random_roll,5.0,0,4,melee,3.0,13.0,23.0
273,orc-str barbarian strength,1,str 1d4 melee attack 2,random_roll,5.0,5,4,melee,3.0,13.0,23.0
274,orc-str barbarian strength,1,str 1d6 melee attack 1,random_roll,5.0,0,6,melee,3.0,13.0,23.0
275,orc-str barbarian strength,1,str 1d6 melee attack 2,random_roll,5.0,5,6,melee,3.0,13.0,23.0
276,orc-str barbarian strength,1,str 1d8 melee attack 1,random_roll,5.0,0,8,melee,3.0,13.0,23.0
277,orc-str barbarian strength,1,str 1d8 melee attack 2,random_roll,5.0,5,8,melee,3.0,13.0,23.0
278,orc-str barbarian strength,1,str 1d10 melee attack 1,random_roll,5.0,0,10,melee,3.0,13.0,23.0
279,orc-str barbarian strength,1,str 1d10 melee attack 2,random_roll,5.0,5,10,melee,3.0,13.0,23.0
280,orc-str barbarian strength,1,str 1d12 melee attack 1,random_roll,5.0,0,12,melee,3.0,13.0,23.0
281,orc-str barbarian strength,1,str 1d12 melee attack 2,random_roll,5.0,5,12,melee,3.0,13.0,23.0
282,orc-str fighter strength,1,str 1d4 melee attack 1,random_roll,5.0,0,4,melee,3.0,13.0,23.0
283,orc-str fighter strength,1,str 1d4 melee attack 2,random_roll,5.0,5,4,melee,3.0,13.0,23.0
284,orc-str fighter strength,1,str 1d8 melee attack 1,random_roll,5.0,0,8,melee,3.0,13.0,23.0
285,orc-str fighter strength,1,str 1d8 melee attack 2,random_roll,5.0,5,8,melee,3.0,13.0,23.0
286,orc-str fighter strength,1,str 1d10 melee attack 1,random_roll,5.0,0,10,melee,3.0,13.0,23.0
287,orc-str fighter strength,1,str 1d10 melee attack 2,random_roll,5.0,5,10,melee,3.0,13.0,23.0
288,orc-str fighter strength,1,str 1d6 melee attack 1,random_roll,5.0,0,6,melee,3.0,13.0,23.0
289,orc-str fighter strength,1,str 1d6 melee attack 2,random_roll,5.0,5,6,melee,3.0,13.0,23.0
290,orc-str fighter strength,1,str 1d12 melee attack 1,random_roll,5.0,0,12,melee,3.0,13.0,23.0
291,orc-str fighter strength,1,str 1d12 melee attack 2,random_roll,5.0,5,12,melee,3.0,13.0,23.0
292,orc-str fighter   dexterity,1,str 1d4 melee attack 1,random_roll,4.0,0,4,melee,2.0,14.0,24.0
293,orc-str fighter   dexterity,1,str 1d4 melee attack 2,random_roll,4.0,5,4,melee,2.0,14.0,24.0
294,orc-str fighter   dexterity,1,dex 1d4 melee attack 1,random_roll,4.0,0,4,melee,2.0,14.0,24.0
295,orc-str fighter   dexterity,1,dex 1d4 melee attack 2,random_roll,4.0,5,4,melee,2.0,14.0,24.0
296,orc-str fighter   dexterity,1,str 1d8 melee attack 1,random_roll,4.0,0,8,melee,2.0,14.0,24.0
297,orc-str fighter   dexterity,1,str 1d8 melee attack 2,random_roll,4.0,5,8,melee,2.0,14.0,24.0
298,orc-str fighter   dexterity,1,dex 1d8 melee attack 1,random_roll,4.0,0,8,melee,2.0,14.0,24.0
299,orc-str fighter   dexterity,1,dex 1d8 melee attack 2,random_roll,4.0,5,8,melee,2.0,14.0,24.0
300,orc-str fighter   dexterity,1,str 1d10 melee attack 1,random_roll,4.0,0,10,melee,2.0,14.0,24.0
301,orc-str fighter   dexterity,1,str 1d10 melee attack 2,random_roll,4.0,5,10,melee,2.0,14.0,24.0
302,orc-str fighter   dexterity,1,dex 1d10 melee attack 1,random_roll,4.0,0,10,melee,2.0,14.0,24.0
303,orc-str fighter   dexterity,1,dex 1d10 melee attack 2,random_roll,4.0,5,10,melee,2.0,14.0,24.0
304,orc-str fighter   dexterity,1,str 1d6 melee attack 1,random_roll,4.0,0,6,melee,2.0,14.0,24.0
305,orc-str fighter   dexterity,1,str 1d6 melee attack 2,random_roll,4.0,5,6,melee,2.0,14.0,24.0
306,orc-str fighter   dexterity,1,dex 1d6 melee attack 1,random_roll,4.0,0,6,melee,2.0,14.0,24.0
307,orc-str fighter   dexterity,1,dex 1d6 melee attack 2,random_roll,4.0,5,6,melee,2.0,14.0,24.0
308,orc-str fighter   dexterity,1,str 1d12 melee attack 1,random_roll,4.0,0,12,melee,2.0,14.0,24.0
309,orc-str fighter   dexterity,1,str 1d12 melee attack 2,random_roll,4.0,5,12,melee,2.0,14.0,24.0
310,orc-str fighter   dexterity,1,dex 1d12 melee attack 1,random_roll,4.0,0,12,melee,2.0,14.0,24.0
311,orc-str fighter   dexterity,1,dex 1d12 melee attack 2,random_roll,4.0,5,12,melee,2.0,14.0,24.0
312,orc-str rogue dexterity,1,str 1d4 melee attack 1,random_roll,4.0,0,4,melee,2.0,14.0,24.0
313,orc-str rogue dexterity,1,str 1d4 melee attack 2,random_roll,4.0,5,4,melee,2.0,14.0,24.0
314,orc-str rogue dexterity,1,dex 1d4 melee attack 1,random_roll,4.0,0,4,melee,2.0,14.0,24.0
315,orc-str rogue dexterity,1,dex 1d4 melee attack 2,random_roll,4.0,5,4,melee,2.0,14.0,24.0
316,orc-str rogue dexterity,1,str 1d6 melee attack 1,random_roll,4.0,0,6,melee,2.0,14.0,24.0
317,orc-str rogue dexterity,1,str 1d6 melee attack 2,random_roll,4.0,5,6,melee,2.0,14.0,24.0
318,orc-str rogue dexterity,1,dex 1d6 melee attack 1,random_roll,4.0,0,6,melee,2.0,14.0,24.0
319,orc-str rogue dexterity,1,dex 1d6 melee attack 2,random_roll,4.0,5,6,melee,2.0,14.0,24.0
320,orc-str rogue dexterity,1,str 1d8 melee attack 1,random_roll,4.0,0,8,melee,2.0,14.0,24.0
321,orc-str rogue dexterity,1,str 1d8 melee attack 2,random_roll,4.0,5,8,melee,2.0,14.0,24.0
322,orc-str rogue dexterity,1,dex 1d8 melee attack 1,random_roll,4.0,0,8,melee,2.0,14.0,24.0
323,orc-str rogue dexterity,1,dex 1d8 melee attack 2,random_roll,4.0,5,8,melee,2.0,14.0,24.0
324,orc-str sorcerer charisma,1,str 1d4 melee attack 1,random_roll,4.0,0,4,melee,2.0,11.0,21.0
325,orc-str sorcerer charisma,1,str 1d4 melee attack 2,random_roll,4.0,5,4,melee,2.0,11.0,21.0
326,orc-str sorcerer charisma,1,str 1d6 melee attack 1,random_roll,4.0,0,6,melee,2.0,11.0,21.0
327,orc-str sorcerer charisma,1,str 1d6 melee attack 2,random_roll,4.0,5,6,melee,2.0,11.0,21.0
328,orc-str sorcerer charisma,1,str 1d8 melee attack 1,random_roll,4.0,0,8,melee,2.0,11.0,21.0
329,orc-str sorcerer charisma,1,str 1d8 melee attack 2,random_roll,4.0,5,8,melee,2.0,11.0,21.0
330,orc-dex barbarian strength,1,str 1d4 melee attack 1,random_roll,4.0,0,4,melee,2.0,14.0,24.0
331,orc-dex barbarian strength,1,str 1d4 melee attack 2,random_roll,4.0,5,4,melee,2.0,14.0,24.0
332,orc-dex barbarian strength,1,dex 1d4 melee attack 1,random_roll,4.0,0,4,melee,2.0,14.0,24.0
333,orc-dex barbarian strength,1,dex 1d4 melee attack 2,random_roll,4.0,5,4,melee,2.0,14.0,24.0
334,orc-dex barbarian strength,1,str 1d6 melee attack 1,random_roll,4.0,0,6,melee,2.0,14.0,24.0
335,orc-dex barbarian strength,1,str 1d6 melee attack 2,random_roll,4.0,5,6,melee,2.0,14.0,24.0
336,orc-dex barbarian strength,1,dex 1d6 melee attack 1,random_roll,4.0,0,6,melee,2.0,14.0,24.0
337,orc-dex barbarian strength,1,dex 1d6 melee attack 2,random_roll,4.0,5,6,melee,2.0,14.0,24.0
338,orc-dex barbarian strength,1,str 1d8 melee attack 1,random_roll,4.0,0,8,melee,2.0,14.0,24.0
339,orc-dex barbarian strength,1,str 1d8 melee attack 2,random_roll,4.0,5,8,melee,2.0,14.0,24.0
340,orc-dex barbarian strength,1,dex 1d8 melee attack 1,random_roll,4.0,0,8,melee,2.0,14.0,24.0
341,orc-dex barbarian strength,1,dex 1d8 melee attack 2,random_roll,4.0,5,8,melee,2.0,14.0,24.0
342,orc-dex barbarian strength,1,str 1d10 melee attack 1,random_roll,4.0,0,10,melee,2.0,14.0,24.0
343,orc-dex barbarian strength,1,str 1d10 melee attack 2,random_roll,4.0,5,10,melee,2.0,14.0,24.0
344,orc-dex barbarian strength,1,dex 1d10 melee attack 1,random_roll,4.0,0,10,melee,2.0,14.0,24.0
345,orc-dex barbarian strength,1,dex 1d10 melee attack 2,random_roll,4.0,5,10,melee,2.0,14.0,24.0
346,orc-dex barbarian strength,1,str 1d12 melee attack 1,random_roll,4.0,0,12,melee,2.0,14.0,24.0
347,orc-dex barbarian strength,1,str 1d12 melee attack 2,random_roll,4.0,5,12,melee,2.0,14.0,24.0
348,orc-dex barbarian strength,1,dex 1d12 melee attack 1,random_roll,4.0,0,12,melee,2.0,14.0,24.0
349,orc-dex barbarian strength,1,dex 1d12 melee attack 2,random_roll,4.0,5,12,melee,2.0,14.0,24.0
350,orc-dex fighter strength,1,str 1d4 melee attack 1,random_roll,4.0,0,4,melee,2.0,14.0,24.0
351,orc-dex fighter strength,1,str 1d4 melee attack 2,random_roll,4.0,5,4,melee,2.0,14.0,24.0
352,orc-dex fighter strength,1,dex 1d4 melee attack 1,random_roll,4.0,0,4,melee,2.0,14.0,24.0
353,orc-dex fighter strength,1,dex 1d4 melee attack 2,random_roll,4.0,5,4,melee,2.0,14.0,24.0
354,orc-dex fighter strength,1,str 1d8 melee attack 1,random_roll,4.0,0,8,melee,2.0,14.0,24.0
355,orc-dex fighter strength,1,str 1d8 melee attack 2,random_roll,4.0,5,8,melee,2.0,14.0,24.0
356,orc-dex fighter strength,1,dex 1d8 melee attack 1,random_roll,4.0,0,8,melee,2.0,14.0,24.0
357,orc-dex fighter strength,1,dex 1d8 melee attack 2,random_roll,4.0,5,8,melee,2.0,14.0,24.0
358,orc-dex fighter strength,1,str 1d10 melee attack 1,random_roll,4.0,0,10,melee,2.0,14.0,24.0
359,orc-dex fighter strength,1,str 1d10 melee attack 2,random_roll,4.0,5,10,melee,2.0,14.0,24.0
360,orc-dex fighter strength,1,dex 1d10 melee attack 1,random_roll,4.0,0,10,melee,2.0,14.0,24.0
361,orc-dex fighter strength,1,dex 1d10 melee attack 2,random_roll,4.0,5,10,melee,2.0,14.0,24.0
362,orc-dex fighter strength,1,str 1d6 melee attack 1,random_roll,4.0,0,6,melee,2.0,14.0,24.0
363,orc-dex fighter strength,1,str 1d6 melee attack 2,random_roll,4.0,5,6,melee,2.0,14.0,24.0
364,orc-dex fighter strength,1,dex 1d6 melee attack 1,random_roll,4.0,0,6,melee,2.0,14.0,24.0
365,orc-dex fighter strength,1,dex 1d6 melee attack 2,random_roll,4.0,5,6,melee,2.0,14.0,24.0
366,orc-dex fighter strength,1,str 1d12 melee attack 1,random_roll,4.0,0,12,melee,2.0,14.0,24.0
367,orc-dex fighter strength,1,str 1d12 melee attack 2,random_roll,4.0,5,12,melee,2.0,14.0,24.0
368,orc-dex fighter strength,1,dex 1d12 melee attack 1,random_roll,4.0,0,12,melee,2.0,14.0,24.0
369,orc-dex fighter strength,1,dex 1d12 melee attack 2,random_roll,4.0,5,12,melee,2.0,14.0,24.0
370,orc-dex fighter   dexterity,1,dex 1d4 melee attack 1,random_roll,5.0,0,4,melee,3.0,14.0,24.0
371,orc-dex fighter   dexterity,1,dex 1d4 melee attack 2,random_roll,5.0,5,4,melee,3.0,14.0,24.0
372,orc-dex fighter   dexterity,1,dex 1d8 melee attack 1,random_roll,5.0,0,8,melee,3.0,14.0,24.0
373,orc-dex fighter   dexterity,1,dex 1d8 melee attack 2,random_roll,5.0,5,8,melee,3.0,14.0,24.0
374,orc-dex fighter   dexterity,1,dex 1d10 melee attack 1,random_roll,5.0,0,10,melee,3.0,14.0,24.0
375,orc-dex fighter   dexterity,1,dex 1d10 melee attack 2,random_roll,5.0,5,10,melee,3.0,14.0,24.0
376,orc-dex fighter   dexterity,1,dex 1d6 melee attack 1,random_roll,5.0,0,6,melee,3.0,14.0,24.0
377,orc-dex fighter   dexterity,1,dex 1d6 melee attack 2,random_roll,5.0,5,6,melee,3.0,14.0,24.0
378,orc-dex fighter   dexterity,1,dex 1d12 melee attack 1,random_roll,5.0,0,12,melee,3.0,14.0,24.0
379,orc-dex fighter   dexterity,1,dex 1d12 melee attack 2,random_roll,5.0,5,12,melee,3.0,14.0,24.0
380,orc-dex rogue dexterity,1,dex 1d4 melee attack 1,random_roll,5.0,0,4,melee,3.0,14.0,24.0
381,orc-dex rogue dexterity,1,dex 1d4 melee attack 2,random_roll,5.0,5,4,melee,3.0,14.0,24.0
382,orc-dex rogue dexterity,1,dex 1d6 melee attack 1,random_roll,5.0,0,6,melee,3.0,14.0,24.0
383,orc-dex rogue dexterity,1,dex 1d6 melee attack 2,random_roll,5.0,5,6,melee,3.0,14.0,24.0
384,orc-dex rogue dexterity,1,dex 1d8 melee attack 1,random_roll,5.0,0,8,melee,3.0,14.0,24.0
385,orc-dex rogue dexterity,1,dex 1d8 melee attack 2,random_roll,5.0,5,8,melee,3.0,14.0,24.0
386,orc-dex sorcerer charisma,1,dex 1d4 melee attack 1,random_roll,4.0,0,4,melee,2.0,12.0,22.0
387,orc-dex sorcerer charisma,1,dex 1d4 melee attack 2,random_roll,4.0,5,4,melee,2.0,12.0,22.0
388,orc-dex sorcerer charisma,1,dex 1d6 melee attack 1,random_roll,4.0,0,6,melee,2.0,12.0,22.0
389,orc-dex sorcerer charisma,1,dex 1d6 melee attack 2,random_roll,4.0,5,6,melee,2.0,12.0,22.0
390,orc-dex sorcerer charisma,1,dex 1d8 melee attack 1,random_roll,4.0,0,8,melee,2.0,12.0,22.0
391,orc-dex sorcerer charisma,1,dex 1d8 melee attack 2,random_roll,4.0,5,8,melee,2.0,12.0,22.0
